level,partition,model,word,mean_abs_shap,count,category,proportion,n_selected_words
feature,shared,biasdetector,candidate,0.106594,2,Emotional/Evaluative,,
feature,shared,biasdetector,less,0.062186,1,Emotional/Evaluative,,
feature,shared,biasdetector,palatable,0.109519,1,Emotional/Evaluative,,
feature,shared,biasdetector,j,0.089806,1,Emotional/Evaluative,,
feature,shared,biasdetector,trump,0.094251,20,Emotional/Evaluative,,
feature,shared,biasdetector,bombastic,0.257845,1,Emotional/Evaluative,,
feature,shared,biasdetector,reality,0.15344,1,Emotional/Evaluative,,
feature,shared,biasdetector,star,0.075784,1,Emotional/Evaluative,,
feature,shared,biasdetector,ballparks,0.065417,1,Emotional/Evaluative,,
feature,shared,biasdetector,steady,0.062739,1,Emotional/Evaluative,,
feature,shared,biasdetector,torrent,0.115278,1,Emotional/Evaluative,,
feature,shared,biasdetector,worse,0.090136,1,Emotional/Evaluative,,
feature,shared,biasdetector,trash,0.14557,1,Emotional/Evaluative,,
feature,shared,biasdetector,tweet,0.06445,1,Emotional/Evaluative,,
feature,shared,biasdetector,wednesday,0.087749,2,Function/Temporal Words,,
feature,shared,biasdetector,claimed,0.175842,5,Framing/Reporting Verbs,,
feature,shared,biasdetector,falsely,0.440058,2,Emotional/Evaluative,,
feature,shared,biasdetector,wall,0.066934,4,Emotional/Evaluative,,
feature,shared,biasdetector,““we,0.179199,2,Emotional/Evaluative,,
feature,shared,biasdetector,refuse,0.349296,1,Emotional/Evaluative,,
feature,shared,biasdetector,politics,0.076326,4,Emotional/Evaluative,,
feature,shared,biasdetector,nominees,0.154759,1,Emotional/Evaluative,,
feature,shared,biasdetector,““our,0.073175,1,Emotional/Evaluative,,
feature,shared,biasdetector,cheap,0.122925,1,Emotional/Evaluative,,
feature,shared,biasdetector,rhetoric,0.128587,3,Emotional/Evaluative,,
feature,shared,biasdetector,left.””,0.249431,1,Emotional/Evaluative,,
feature,shared,biasdetector,progressivism,0.21272,2,Emotional/Evaluative,,
feature,shared,biasdetector,declared,0.117342,1,Emotional/Evaluative,,
feature,shared,biasdetector,eating,0.223488,1,Emotional/Evaluative,,
feature,shared,biasdetector,roiled,0.147677,1,Emotional/Evaluative,,
feature,shared,biasdetector,s,0.071278,4,Emotional/Evaluative,,
feature,shared,biasdetector,sucked,0.328115,1,Emotional/Evaluative,,
feature,shared,biasdetector,believe,0.072024,1,Emotional/Evaluative,,
feature,shared,biasdetector,must,0.075155,3,Function/Temporal Words,,
feature,shared,biasdetector,jabbing,0.185128,1,Emotional/Evaluative,,
feature,shared,biasdetector,his’’,0.08239,1,Emotional/Evaluative,,
feature,shared,biasdetector,colleagues,0.082335,2,Emotional/Evaluative,,
feature,shared,biasdetector,screw,0.326049,1,Emotional/Evaluative,,
feature,shared,biasdetector,"them,””",0.166656,1,Emotional/Evaluative,,
feature,shared,biasdetector,mccain,0.119159,2,Emotional/Evaluative,,
feature,shared,biasdetector,said,0.134967,6,Framing/Reporting Verbs,,
feature,shared,biasdetector,of’’,0.062103,1,Emotional/Evaluative,,
feature,shared,biasdetector,bullies’’,0.504112,1,Emotional/Evaluative,,
feature,shared,biasdetector,win.’’,0.124062,1,Emotional/Evaluative,,
feature,shared,biasdetector,clown,0.336915,1,Emotional/Evaluative,,
feature,shared,biasdetector,show,0.088911,2,Emotional/Evaluative,,
feature,shared,biasdetector,east,0.081739,1,Emotional/Evaluative,,
feature,shared,biasdetector,rather,0.170726,2,Emotional/Evaluative,,
feature,shared,biasdetector,combustible,0.456666,1,Emotional/Evaluative,,
feature,shared,biasdetector,ways,0.099246,1,Emotional/Evaluative,,
feature,shared,biasdetector,bias,0.100173,2,Emotional/Evaluative,,
feature,shared,biasdetector,prosecutors,0.106804,1,Emotional/Evaluative,,
feature,shared,biasdetector,hillary,0.07431,2,Emotional/Evaluative,,
feature,shared,biasdetector,candidacy,0.095008,1,Emotional/Evaluative,,
feature,shared,biasdetector,genova,0.099663,1,Emotional/Evaluative,,
feature,shared,biasdetector,blasted,0.414446,1,Emotional/Evaluative,,
feature,shared,biasdetector,as““,0.079018,1,Emotional/Evaluative,,
feature,shared,biasdetector,outrageous.””,0.090277,1,Emotional/Evaluative,,
feature,shared,biasdetector,oklahoma,0.070181,1,Emotional/Evaluative,,
feature,shared,biasdetector,violent,0.183675,1,Emotional/Evaluative,,
feature,shared,biasdetector,criminal,0.179588,1,Emotional/Evaluative,,
feature,shared,biasdetector,charge,0.094108,1,Emotional/Evaluative,,
feature,shared,biasdetector,elliott,0.096211,1,Emotional/Evaluative,,
feature,shared,biasdetector,crtitics,0.330976,1,Emotional/Evaluative,,
feature,shared,biasdetector,fil,0.083994,1,Emotional/Evaluative,,
feature,shared,biasdetector,companys,0.174856,1,Emotional/Evaluative,,
feature,shared,biasdetector,debate,0.20213,1,Emotional/Evaluative,,
feature,shared,biasdetector,little,0.14009,1,Emotional/Evaluative,,
feature,shared,biasdetector,cuba,0.090468,1,Emotional/Evaluative,,
feature,shared,biasdetector,stuck,0.326616,1,Emotional/Evaluative,,
feature,shared,biasdetector,war,0.089361,3,Emotional/Evaluative,,
feature,shared,biasdetector,held,0.117997,1,Emotional/Evaluative,,
feature,shared,biasdetector,abashed,0.213238,1,Emotional/Evaluative,,
feature,shared,biasdetector,mocked,0.122858,1,Emotional/Evaluative,,
feature,shared,biasdetector,almost,0.072199,2,Emotional/Evaluative,,
feature,shared,biasdetector,establishment,0.306011,2,Emotional/Evaluative,,
feature,shared,biasdetector,character,0.072765,2,Emotional/Evaluative,,
feature,shared,biasdetector,anyone,0.097445,1,Emotional/Evaluative,,
feature,shared,biasdetector,state,0.110764,1,Framing/Reporting Verbs,,
feature,shared,biasdetector,justice,0.062583,3,Emotional/Evaluative,,
feature,shared,biasdetector,dept,0.083466,1,Emotional/Evaluative,,
feature,shared,biasdetector,finally,0.253782,2,Emotional/Evaluative,,
feature,shared,biasdetector,act,0.07572,2,Emotional/Evaluative,,
feature,shared,biasdetector,indictment,0.174754,1,Emotional/Evaluative,,
feature,shared,biasdetector,numerous,0.303656,1,Emotional/Evaluative,,
feature,shared,biasdetector,lies,0.270393,1,Emotional/Evaluative,,
feature,shared,biasdetector,talking,0.152622,2,Emotional/Evaluative,,
feature,shared,biasdetector,points,0.073846,2,Emotional/Evaluative,,
feature,shared,biasdetector,incorrectly,0.158929,1,Emotional/Evaluative,,
feature,shared,biasdetector,had,0.067399,6,Function/Temporal Words,,
feature,shared,biasdetector,emphasized,0.099269,1,Emotional/Evaluative,,
feature,shared,biasdetector,millions,0.086509,1,Emotional/Evaluative,,
feature,shared,biasdetector,badly,0.092755,1,Emotional/Evaluative,,
feature,shared,biasdetector,accused,0.112217,3,Emotional/Evaluative,,
feature,shared,biasdetector,weakness,0.067517,1,Emotional/Evaluative,,
feature,shared,biasdetector,terror,0.07525,1,Emotional/Evaluative,,
feature,shared,biasdetector,““look,0.08351,1,Emotional/Evaluative,,
feature,shared,biasdetector,i,0.064792,4,Emotional/Evaluative,,
feature,shared,biasdetector,"sued,””",0.113777,1,Emotional/Evaluative,,
feature,shared,biasdetector,launching,0.148227,1,Emotional/Evaluative,,
feature,shared,biasdetector,mocking,0.436205,1,Emotional/Evaluative,,
feature,shared,biasdetector,series,0.074647,1,Emotional/Evaluative,,
feature,shared,biasdetector,jr,0.065252,1,Emotional/Evaluative,,
feature,shared,biasdetector,produced““,0.084067,1,Emotional/Evaluative,,
feature,shared,biasdetector,selectively,0.269685,1,Emotional/Evaluative,,
feature,shared,biasdetector,leak,0.145124,1,Emotional/Evaluative,,
feature,shared,biasdetector,mound,0.10258,1,Emotional/Evaluative,,
feature,shared,biasdetector,apparent,0.071277,1,Emotional/Evaluative,,
feature,shared,biasdetector,oddity,0.276935,1,Emotional/Evaluative,,
feature,shared,biasdetector,monday,0.158985,1,Function/Temporal Words,,
feature,shared,biasdetector,dive,0.090321,1,Emotional/Evaluative,,
feature,shared,biasdetector,although,0.22348,1,Emotional/Evaluative,,
feature,shared,biasdetector,tremendous,0.069516,1,Emotional/Evaluative,,
feature,shared,biasdetector,responsible,0.154147,1,Emotional/Evaluative,,
feature,shared,biasdetector,win,0.09061,1,Emotional/Evaluative,,
feature,shared,biasdetector,blasted““,0.097994,1,Emotional/Evaluative,,
feature,shared,biasdetector,hyster,0.088496,1,Emotional/Evaluative,,
feature,shared,biasdetector,ical,0.064058,1,Emotional/Evaluative,,
feature,shared,biasdetector,media,0.102551,3,Emotional/Evaluative,,
feature,shared,biasdetector,outlets.””,0.110853,1,Emotional/Evaluative,,
feature,shared,biasdetector,raised,0.154645,1,Emotional/Evaluative,,
feature,shared,biasdetector,considerably,0.09676,1,Emotional/Evaluative,,
feature,shared,biasdetector,toughened,0.13041,1,Emotional/Evaluative,,
feature,shared,biasdetector,illegal,0.295772,1,Emotional/Evaluative,,
feature,shared,biasdetector,immigration,0.084886,1,Emotional/Evaluative,,
feature,shared,biasdetector,speech,0.099215,2,Emotional/Evaluative,,
feature,shared,biasdetector,friday,0.285984,2,Function/Temporal Words,,
feature,shared,biasdetector,rehashing,0.244288,1,Emotional/Evaluative,,
feature,shared,biasdetector,usual,0.118803,1,Emotional/Evaluative,,
feature,shared,biasdetector,basically,0.11857,1,Emotional/Evaluative,,
feature,shared,biasdetector,of…,0.096215,1,Emotional/Evaluative,,
feature,shared,biasdetector,amplifying,0.241479,1,Emotional/Evaluative,,
feature,shared,biasdetector,message,0.111523,1,Emotional/Evaluative,,
feature,shared,biasdetector,said’’,0.277226,1,Emotional/Evaluative,,
feature,shared,biasdetector,the““,0.104999,2,Emotional/Evaluative,,
feature,shared,biasdetector,2012.””,0.205275,1,Emotional/Evaluative,,
feature,shared,biasdetector,chris,0.068677,1,Emotional/Evaluative,,
feature,shared,biasdetector,christie,0.066315,1,Emotional/Evaluative,,
feature,shared,biasdetector,throw,0.303344,1,Emotional/Evaluative,,
feature,shared,biasdetector,hat,0.142472,1,Emotional/Evaluative,,
feature,shared,biasdetector,run,0.108179,3,Emotional/Evaluative,,
feature,shared,biasdetector,surreal,0.115844,1,Emotional/Evaluative,,
feature,shared,biasdetector,lashes,0.144587,1,Emotional/Evaluative,,
feature,shared,biasdetector,abstract,0.091213,1,Emotional/Evaluative,,
feature,shared,biasdetector,complain,0.089906,1,Emotional/Evaluative,,
feature,shared,biasdetector,amok,0.155357,1,Emotional/Evaluative,,
feature,shared,biasdetector,started,0.062069,1,Emotional/Evaluative,,
feature,shared,biasdetector,innocuous,0.328278,1,Emotional/Evaluative,,
feature,shared,biasdetector,liberated,0.200767,1,Emotional/Evaluative,,
feature,shared,biasdetector,large,0.069837,1,Emotional/Evaluative,,
feature,shared,biasdetector,thursday,0.076163,4,Function/Temporal Words,,
feature,shared,biasdetector,table,0.079044,2,Emotional/Evaluative,,
feature,shared,biasdetector,says,0.149404,1,Framing/Reporting Verbs,,
feature,shared,biasdetector,nation,0.185515,1,Emotional/Evaluative,,
feature,shared,biasdetector,business,0.356638,1,Emotional/Evaluative,,
feature,shared,biasdetector,instead,0.097946,1,Emotional/Evaluative,,
feature,shared,biasdetector,protection,0.187754,1,Emotional/Evaluative,,
feature,shared,biasdetector,ist,0.500927,1,Emotional/Evaluative,,
feature,shared,biasdetector,american.””,0.132456,1,Emotional/Evaluative,,
feature,shared,biasdetector,intensely,0.173223,1,Emotional/Evaluative,,
feature,shared,biasdetector,began,0.062318,2,Emotional/Evaluative,,
feature,shared,biasdetector,naked,0.070738,1,Emotional/Evaluative,,
feature,shared,biasdetector,that’’,0.064986,2,Emotional/Evaluative,,
feature,shared,biasdetector,disdain,0.210931,1,Emotional/Evaluative,,
feature,shared,biasdetector,drew,0.076461,1,Emotional/Evaluative,,
feature,shared,biasdetector,titled““,0.069464,1,Emotional/Evaluative,,
feature,shared,biasdetector,groups,0.1104,1,Emotional/Evaluative,,
feature,shared,biasdetector,called,0.085901,3,Framing/Reporting Verbs,,
feature,shared,biasdetector,railed,0.225111,1,Emotional/Evaluative,,
feature,shared,biasdetector,claiming,0.207198,1,Framing/Reporting Verbs,,
feature,shared,biasdetector,accuses,0.226979,1,Emotional/Evaluative,,
feature,shared,biasdetector,failing,0.260323,1,Emotional/Evaluative,,
feature,shared,biasdetector,protocols,0.078208,1,Emotional/Evaluative,,
feature,shared,biasdetector,obstruction,0.090888,1,Emotional/Evaluative,,
feature,shared,biasdetector,vitriol,0.0809,1,Emotional/Evaluative,,
feature,shared,biasdetector,think,0.06546,1,Emotional/Evaluative,,
feature,shared,biasdetector,cited,0.10818,1,Emotional/Evaluative,,
feature,shared,biasdetector,history,0.064279,1,Emotional/Evaluative,,
feature,shared,biasdetector,accusing,0.079538,1,Emotional/Evaluative,,
feature,shared,biasdetector,hypocrisy,0.571346,1,Emotional/Evaluative,,
feature,shared,biasdetector,"irony,’’",0.20455,1,Emotional/Evaluative,,
feature,shared,biasdetector,““he,0.080367,1,Emotional/Evaluative,,
feature,shared,biasdetector,blows,0.101769,1,Emotional/Evaluative,,
feature,shared,biasdetector,false,0.067491,1,Emotional/Evaluative,,
feature,shared,biasdetector,misleading,0.295111,2,Emotional/Evaluative,,
feature,shared,biasdetector,crying,0.137136,1,Emotional/Evaluative,,
feature,shared,biasdetector,foul,0.147513,1,Emotional/Evaluative,,
feature,shared,biasdetector,criticism,0.075412,1,Emotional/Evaluative,,
feature,shared,biasdetector,however,0.087949,1,Emotional/Evaluative,,
feature,shared,biasdetector,circumstances,0.076483,1,Emotional/Evaluative,,
feature,shared,biasdetector,anything,0.116408,1,Emotional/Evaluative,,
feature,shared,biasdetector,““given,0.076868,1,Emotional/Evaluative,,
feature,shared,biasdetector,pills,0.062445,1,Emotional/Evaluative,,
feature,shared,biasdetector,stuffed,0.085151,1,Emotional/Evaluative,,
feature,shared,biasdetector,trump‘‘’’’’,0.118837,1,Emotional/Evaluative,,
feature,shared,biasdetector,course,0.177937,1,Emotional/Evaluative,,
feature,shared,biasdetector,100false,0.325705,1,Emotional/Evaluative,,
feature,shared,biasdetector,liber,0.23529,1,Emotional/Evaluative,,
feature,shared,biasdetector,als,0.120496,1,Emotional/Evaluative,,
feature,shared,biasdetector,going,0.063697,3,Emotional/Evaluative,,
feature,shared,biasdetector,far,0.076774,2,Emotional/Evaluative,,
feature,shared,biasdetector,trying,0.151515,1,Emotional/Evaluative,,
feature,shared,biasdetector,speaker,0.063022,1,Emotional/Evaluative,,
feature,shared,biasdetector,bringing,0.075321,1,Emotional/Evaluative,,
feature,shared,biasdetector,floor,0.111553,1,Emotional/Evaluative,,
feature,shared,biasdetector,if’’,0.11576,1,Emotional/Evaluative,,
feature,shared,biasdetector,gone,0.074081,1,Emotional/Evaluative,,
feature,shared,biasdetector,greatly,0.16645,1,Emotional/Evaluative,,
feature,shared,biasdetector,““somewhere,0.071453,1,Emotional/Evaluative,,
feature,shared,biasdetector,destruction,0.175111,1,Emotional/Evaluative,,
feature,shared,biasdetector,"clintons,””",0.080074,1,Emotional/Evaluative,,
feature,shared,biasdetector,she,0.105849,1,Emotional/Evaluative,,
feature,shared,biasdetector,told,0.173836,1,Emotional/Evaluative,,
feature,shared,biasdetector,skirmish,0.095787,1,Emotional/Evaluative,,
feature,shared,biasdetector,billionaire,0.098969,2,Emotional/Evaluative,,
feature,shared,biasdetector,impeach,0.073573,1,Emotional/Evaluative,,
feature,shared,biasdetector,motherfucker.””,0.277502,1,Emotional/Evaluative,,
feature,shared,biasdetector,hammered,0.124904,1,Emotional/Evaluative,,
feature,shared,biasdetector,dishonest,0.406299,1,Emotional/Evaluative,,
feature,shared,biasdetector,rigged,0.074887,1,Emotional/Evaluative,,
feature,shared,biasdetector,system!””,0.177501,1,Emotional/Evaluative,,
feature,shared,biasdetector,liberal,0.694923,1,Emotional/Evaluative,,
feature,shared,biasdetector,storm,0.195404,1,Emotional/Evaluative,,
feature,shared,biasdetector,saturday,0.14998,2,Function/Temporal Words,,
feature,shared,biasdetector,dire,0.074863,1,Emotional/Evaluative,,
feature,shared,biasdetector,"percent,””",0.175709,1,Emotional/Evaluative,,
feature,shared,biasdetector,propensity,0.091808,1,Emotional/Evaluative,,
feature,shared,biasdetector,gaffes,0.066349,1,Emotional/Evaluative,,
feature,shared,biasdetector,slams',0.088087,1,Emotional/Evaluative,,
feature,shared,biasdetector,crooked',0.151071,1,Emotional/Evaluative,,
feature,shared,biasdetector,huma,0.096565,1,Emotional/Evaluative,,
feature,shared,biasdetector,calls,0.080576,1,Framing/Reporting Verbs,,
feature,shared,biasdetector,deep,0.097121,1,Emotional/Evaluative,,
feature,shared,biasdetector,state',0.163771,1,Emotional/Evaluative,,
feature,shared,biasdetector,steele,0.11418,1,Emotional/Evaluative,,
feature,shared,biasdetector,nor,0.098236,1,Emotional/Evaluative,,
feature,shared,biasdetector,pundit,0.292788,1,Emotional/Evaluative,,
feature,shared,biasdetector,question,0.111692,1,Emotional/Evaluative,,
feature,shared,biasdetector,apologizes,0.273477,1,Emotional/Evaluative,,
feature,shared,biasdetector,controversial,0.169886,1,Emotional/Evaluative,,
feature,shared,biasdetector,images,0.13055,1,Emotional/Evaluative,,
feature,shared,biasdetector,bloodied,0.161279,1,Emotional/Evaluative,,
feature,shared,biasdetector,head,0.07658,1,Emotional/Evaluative,,
feature,shared,biasdetector,lurch,0.108927,1,Emotional/Evaluative,,
feature,shared,biasdetector,sort,0.073912,1,Emotional/Evaluative,,
feature,shared,biasdetector,triggered,0.135142,1,Emotional/Evaluative,,
feature,shared,biasdetector,fiery,0.456319,1,Emotional/Evaluative,,
feature,shared,biasdetector,twitter,0.106865,1,Emotional/Evaluative,,
feature,shared,biasdetector,bigots,0.298164,1,Emotional/Evaluative,,
feature,shared,biasdetector,movement.””,0.187932,1,Emotional/Evaluative,,
feature,shared,biasdetector,scoffed,0.263522,1,Emotional/Evaluative,,
feature,shared,biasdetector,sunday,0.104051,1,Function/Temporal Words,,
feature,shared,biasdetector,believing,0.064463,1,Emotional/Evaluative,,
feature,shared,biasdetector,vehemently,0.078169,1,Emotional/Evaluative,,
feature,shared,biasdetector,denied,0.101935,1,Emotional/Evaluative,,
feature,shared,biasdetector,rippled,0.09355,1,Emotional/Evaluative,,
feature,shared,biasdetector,washington,0.159828,1,Emotional/Evaluative,,
feature,shared,biasdetector,terrorists,0.222895,1,Emotional/Evaluative,,
feature,shared,biasdetector,attacks,0.093802,2,Emotional/Evaluative,,
feature,shared,biasdetector,algeria.””,0.184229,1,Emotional/Evaluative,,
feature,shared,biasdetector,armed,0.06692,1,Emotional/Evaluative,,
feature,shared,biasdetector,blamed,0.143418,1,Emotional/Evaluative,,
feature,shared,biasdetector,veered,0.065615,1,Emotional/Evaluative,,
feature,shared,biasdetector,veiled,0.13169,1,Emotional/Evaluative,,
feature,shared,biasdetector,outright,0.127279,1,Emotional/Evaluative,,
feature,shared,biasdetector,pledge,0.293737,1,Emotional/Evaluative,,
feature,shared,biasdetector,to““,0.107692,1,Emotional/Evaluative,,
feature,shared,biasdetector,earthislamic,0.271192,1,Emotional/Evaluative,,
feature,shared,biasdetector,terrorism,0.172112,1,Emotional/Evaluative,,
feature,shared,biasdetector,elephants,0.311738,1,Emotional/Evaluative,,
feature,shared,biasdetector,africa,0.070957,1,Emotional/Evaluative,,
feature,shared,biasdetector,terrorist,0.323638,2,Emotional/Evaluative,,
feature,shared,biasdetector,alarming,0.247907,1,Emotional/Evaluative,,
feature,shared,biasdetector,rate,0.082651,1,Emotional/Evaluative,,
feature,shared,biasdetector,stereotyping,0.142861,1,Explicit Bias Terms,,
feature,shared,biasdetector,doesn,0.062864,1,Emotional/Evaluative,,
feature,shared,biasdetector,ironically,0.355456,1,Emotional/Evaluative,,
feature,shared,biasdetector,enough,0.077419,1,Emotional/Evaluative,,
feature,shared,biasdetector,beyond.””,0.115452,1,Emotional/Evaluative,,
feature,shared,biasdetector,continued,0.06343,2,Emotional/Evaluative,,
feature,shared,biasdetector,inept,0.276264,1,Emotional/Evaluative,,
feature,shared,biasdetector,misdeeds,0.180653,1,Emotional/Evaluative,,
feature,shared,biasdetector,ideological,0.117558,1,Emotional/Evaluative,,
feature,shared,biasdetector,base,0.099337,1,Emotional/Evaluative,,
feature,shared,biasdetector,profoundly,0.113582,1,Emotional/Evaluative,,
feature,shared,biasdetector,animates,0.062334,1,Emotional/Evaluative,,
feature,shared,biasdetector,governor,0.121632,1,Emotional/Evaluative,,
feature,shared,biasdetector,quietly,0.328414,1,Emotional/Evaluative,,
feature,shared,biasdetector,slow,0.150344,1,Emotional/Evaluative,,
feature,shared,biasdetector,costly,0.069343,1,Emotional/Evaluative,,
feature,shared,biasdetector,railing,0.112362,1,Emotional/Evaluative,,
feature,shared,biasdetector,"bomb,’’””",0.204537,1,Emotional/Evaluative,,
feature,shared,biasdetector,that-----,0.105735,1,Emotional/Evaluative,,
feature,shared,biasdetector,fg,0.09982,1,Emotional/Evaluative,,
feature,shared,biasdetector,acrimony,0.241884,1,Emotional/Evaluative,,
feature,shared,biasdetector,display,0.069832,1,Emotional/Evaluative,,
feature,shared,biasdetector,congress,0.066081,3,Emotional/Evaluative,,
feature,shared,biasdetector,counsel,0.06619,1,Emotional/Evaluative,,
feature,shared,biasdetector,any,0.072191,1,Function/Temporal Words,,
feature,shared,biasdetector,enormous,0.246892,1,Emotional/Evaluative,,
feature,shared,biasdetector,ceaseless,0.317717,1,Emotional/Evaluative,,
feature,shared,biasdetector,senate,0.070575,2,Emotional/Evaluative,,
feature,shared,biasdetector,exasper,0.118502,1,Emotional/Evaluative,,
feature,shared,biasdetector,kicking,0.078391,1,Emotional/Evaluative,,
feature,shared,biasdetector,sharp,0.063012,2,Emotional/Evaluative,,
feature,shared,biasdetector,yawning,0.237605,1,Emotional/Evaluative,,
feature,shared,biasdetector,excoriated,0.170754,1,Emotional/Evaluative,,
feature,shared,biasdetector,supposedly,0.090416,1,Emotional/Evaluative,,
feature,shared,biasdetector,"administration,””",0.095676,1,Emotional/Evaluative,,
feature,shared,biasdetector,reports.””,0.105788,1,Emotional/Evaluative,,
feature,shared,biasdetector,shoddy,0.546752,1,Emotional/Evaluative,,
feature,shared,biasdetector,recovery,0.078951,1,Emotional/Evaluative,,
feature,shared,biasdetector,friggin,0.554932,1,Emotional/Evaluative,,
feature,shared,biasdetector,schumer,0.084132,1,Emotional/Evaluative,,
feature,shared,biasdetector,bashed,0.509086,1,Emotional/Evaluative,,
feature,shared,biasdetector,sen,0.069052,1,Emotional/Evaluative,,
feature,shared,biasdetector,lambasted,0.309736,1,Emotional/Evaluative,,
feature,shared,biasdetector,it““,0.092638,1,Emotional/Evaluative,,
feature,shared,biasdetector,insisting,0.272297,1,Framing/Reporting Verbs,,
feature,shared,biasdetector,despite,0.06728,1,Emotional/Evaluative,,
feature,shared,biasdetector,weiner,0.12128,1,Emotional/Evaluative,,
feature,shared,biasdetector,abandoned,0.104946,1,Emotional/Evaluative,,
feature,shared,biasdetector,humor,0.22042,1,Emotional/Evaluative,,
summary,shared,biasdetector,,,305,Emotional/Evaluative,0.9443,323
summary,shared,biasdetector,,,1,Explicit Bias Terms,0.0031,323
summary,shared,biasdetector,,,8,Framing/Reporting Verbs,0.0248,323
summary,shared,biasdetector,,,9,Function/Temporal Words,0.0279,323
feature,shared,daroberta,palatable,0.102588,1,Emotional/Evaluative,,
feature,shared,daroberta,trump,0.088286,20,Emotional/Evaluative,,
feature,shared,daroberta,bombastic,0.326411,1,Emotional/Evaluative,,
feature,shared,daroberta,reality,0.115183,1,Emotional/Evaluative,,
feature,shared,daroberta,television,0.099554,1,Emotional/Evaluative,,
feature,shared,daroberta,steady,0.069287,1,Emotional/Evaluative,,
feature,shared,daroberta,torrent,0.08629,1,Emotional/Evaluative,,
feature,shared,daroberta,trash,0.084651,1,Emotional/Evaluative,,
feature,shared,daroberta,talk,0.06437,1,Emotional/Evaluative,,
feature,shared,daroberta,claimed,0.312441,5,Framing/Reporting Verbs,,
feature,shared,daroberta,falsely,0.303753,2,Emotional/Evaluative,,
feature,shared,daroberta,refuse,0.065628,1,Emotional/Evaluative,,
feature,shared,daroberta,politics,0.100606,4,Emotional/Evaluative,,
feature,shared,daroberta,nominees,0.078098,1,Emotional/Evaluative,,
feature,shared,daroberta,cheap,0.114478,1,Emotional/Evaluative,,
feature,shared,daroberta,rhetoric,0.183147,3,Emotional/Evaluative,,
feature,shared,daroberta,progressivism,0.150927,2,Emotional/Evaluative,,
feature,shared,daroberta,eating,0.2255,1,Emotional/Evaluative,,
feature,shared,daroberta,constitution,0.093811,1,Emotional/Evaluative,,
feature,shared,daroberta,roiled,0.202084,1,Emotional/Evaluative,,
feature,shared,daroberta,exactly,0.070223,1,Emotional/Evaluative,,
feature,shared,daroberta,sucked,0.259942,1,Emotional/Evaluative,,
feature,shared,daroberta,must,0.085842,3,Function/Temporal Words,,
feature,shared,daroberta,his’’,0.137965,1,Emotional/Evaluative,,
feature,shared,daroberta,administrations,0.094729,1,Emotional/Evaluative,,
feature,shared,daroberta,alleged,0.076521,1,Framing/Reporting Verbs,,
feature,shared,daroberta,ethical,0.072781,1,Emotional/Evaluative,,
feature,shared,daroberta,abuses,0.068161,1,Emotional/Evaluative,,
feature,shared,daroberta,combined,0.084274,1,Emotional/Evaluative,,
feature,shared,daroberta,so,0.07137,3,Emotional/Evaluative,,
feature,shared,daroberta,screw,0.299035,1,Emotional/Evaluative,,
feature,shared,daroberta,bullies’’,0.352994,1,Emotional/Evaluative,,
feature,shared,daroberta,win.’’,0.104872,1,Emotional/Evaluative,,
feature,shared,daroberta,clown,0.255059,1,Emotional/Evaluative,,
feature,shared,daroberta,rather,0.115818,2,Emotional/Evaluative,,
feature,shared,daroberta,combustible,0.384353,1,Emotional/Evaluative,,
feature,shared,daroberta,bias,0.108459,2,Emotional/Evaluative,,
feature,shared,daroberta,genova,0.158444,1,Emotional/Evaluative,,
feature,shared,daroberta,blasted,0.446765,1,Emotional/Evaluative,,
feature,shared,daroberta,outrageous.””,0.095968,1,Emotional/Evaluative,,
feature,shared,daroberta,violent,0.239193,1,Emotional/Evaluative,,
feature,shared,daroberta,criminal,0.300229,1,Emotional/Evaluative,,
feature,shared,daroberta,crtitics,0.433234,1,Emotional/Evaluative,,
feature,shared,daroberta,cuba,0.174649,1,Emotional/Evaluative,,
feature,shared,daroberta,stuck,0.203599,1,Emotional/Evaluative,,
feature,shared,daroberta,abashed,0.201723,1,Emotional/Evaluative,,
feature,shared,daroberta,mocked,0.236696,1,Emotional/Evaluative,,
feature,shared,daroberta,texas,0.070589,2,Emotional/Evaluative,,
feature,shared,daroberta,though,0.07023,2,Emotional/Evaluative,,
feature,shared,daroberta,almost,0.079875,2,Emotional/Evaluative,,
feature,shared,daroberta,establishment,0.244396,2,Emotional/Evaluative,,
feature,shared,daroberta,anyone,0.065115,1,Emotional/Evaluative,,
feature,shared,daroberta,““deep,0.325367,1,Emotional/Evaluative,,
feature,shared,daroberta,justice,0.077914,3,Emotional/Evaluative,,
feature,shared,daroberta,dept,0.067183,1,Emotional/Evaluative,,
feature,shared,daroberta,finally,0.230585,2,Emotional/Evaluative,,
feature,shared,daroberta,indictment,0.105767,1,Emotional/Evaluative,,
feature,shared,daroberta,numerous,0.189697,1,Emotional/Evaluative,,
feature,shared,daroberta,lies,0.265066,1,Emotional/Evaluative,,
feature,shared,daroberta,talking,0.122563,2,Emotional/Evaluative,,
feature,shared,daroberta,news,0.06421,4,Emotional/Evaluative,,
feature,shared,daroberta,incorrectly,0.078965,1,Emotional/Evaluative,,
feature,shared,daroberta,interests,0.063582,1,Emotional/Evaluative,,
feature,shared,daroberta,badly,0.063482,1,Emotional/Evaluative,,
feature,shared,daroberta,shutdown,0.09901,2,Emotional/Evaluative,,
feature,shared,daroberta,21,0.078834,1,Emotional/Evaluative,,
feature,shared,daroberta,races!””,0.121376,1,Emotional/Evaluative,,
feature,shared,daroberta,weakness,0.107313,1,Emotional/Evaluative,,
feature,shared,daroberta,terror,0.066609,1,Emotional/Evaluative,,
feature,shared,daroberta,launching,0.121081,1,Emotional/Evaluative,,
feature,shared,daroberta,mocking,0.471769,1,Emotional/Evaluative,,
feature,shared,daroberta,responses,0.064541,1,Emotional/Evaluative,,
feature,shared,daroberta,selectively,0.094565,1,Emotional/Evaluative,,
feature,shared,daroberta,leak,0.062171,1,Emotional/Evaluative,,
feature,shared,daroberta,oddity,0.567554,1,Emotional/Evaluative,,
feature,shared,daroberta,budweiser,0.062755,1,Emotional/Evaluative,,
feature,shared,daroberta,monday,0.071752,1,Function/Temporal Words,,
feature,shared,daroberta,although,0.077797,1,Emotional/Evaluative,,
feature,shared,daroberta,responsible,0.099943,1,Emotional/Evaluative,,
feature,shared,daroberta,win,0.063818,1,Emotional/Evaluative,,
feature,shared,daroberta,blasted““,0.096701,1,Emotional/Evaluative,,
feature,shared,daroberta,hyster,0.113904,1,Emotional/Evaluative,,
feature,shared,daroberta,ical,0.071716,1,Emotional/Evaluative,,
feature,shared,daroberta,hunters,0.099962,1,Emotional/Evaluative,,
feature,shared,daroberta,media,0.062032,3,Emotional/Evaluative,,
feature,shared,daroberta,outlets.””,0.06224,1,Emotional/Evaluative,,
feature,shared,daroberta,raised,0.090954,1,Emotional/Evaluative,,
feature,shared,daroberta,considerably,0.125678,1,Emotional/Evaluative,,
feature,shared,daroberta,toughened,0.113795,1,Emotional/Evaluative,,
feature,shared,daroberta,stopping,0.107785,1,Emotional/Evaluative,,
feature,shared,daroberta,illegal,0.192722,1,Emotional/Evaluative,,
feature,shared,daroberta,immigration,0.066811,1,Emotional/Evaluative,,
feature,shared,daroberta,friday,0.171751,2,Function/Temporal Words,,
feature,shared,daroberta,rehashing,0.172576,1,Emotional/Evaluative,,
feature,shared,daroberta,usual,0.160827,1,Emotional/Evaluative,,
feature,shared,daroberta,crime,0.097475,1,Emotional/Evaluative,,
feature,shared,daroberta,basically,0.351509,1,Emotional/Evaluative,,
feature,shared,daroberta,the““,0.083404,2,Emotional/Evaluative,,
feature,shared,daroberta,chris,0.075413,1,Emotional/Evaluative,,
feature,shared,daroberta,christie,0.072871,1,Emotional/Evaluative,,
feature,shared,daroberta,throw,0.172568,1,Emotional/Evaluative,,
feature,shared,daroberta,hat,0.156947,1,Emotional/Evaluative,,
feature,shared,daroberta,surreal,0.16906,1,Emotional/Evaluative,,
feature,shared,daroberta,complain,0.127093,1,Emotional/Evaluative,,
feature,shared,daroberta,amok,0.188385,1,Emotional/Evaluative,,
feature,shared,daroberta,innocuous,0.35041,1,Emotional/Evaluative,,
feature,shared,daroberta,says,0.136176,1,Framing/Reporting Verbs,,
feature,shared,daroberta,like,0.066946,2,Emotional/Evaluative,,
feature,shared,daroberta,business,0.294937,1,Emotional/Evaluative,,
feature,shared,daroberta,instead,0.131014,1,Emotional/Evaluative,,
feature,shared,daroberta,protection,0.077227,1,Emotional/Evaluative,,
feature,shared,daroberta,ist,0.369923,1,Emotional/Evaluative,,
feature,shared,daroberta,intensely,0.324216,1,Emotional/Evaluative,,
feature,shared,daroberta,that’’,0.068607,2,Emotional/Evaluative,,
feature,shared,daroberta,disdain,0.070779,1,Emotional/Evaluative,,
feature,shared,daroberta,attention,0.072377,1,Emotional/Evaluative,,
feature,shared,daroberta,bored,0.080896,1,Emotional/Evaluative,,
feature,shared,daroberta,groups,0.091871,1,Emotional/Evaluative,,
feature,shared,daroberta,railed,0.195256,1,Emotional/Evaluative,,
feature,shared,daroberta,accuses,0.165973,1,Emotional/Evaluative,,
feature,shared,daroberta,obstruction,0.302455,1,Emotional/Evaluative,,
feature,shared,daroberta,vitriol,0.147028,1,Emotional/Evaluative,,
feature,shared,daroberta,cited,0.12889,1,Emotional/Evaluative,,
feature,shared,daroberta,accusing,0.080207,1,Emotional/Evaluative,,
feature,shared,daroberta,hypocrisy,0.381031,1,Emotional/Evaluative,,
feature,shared,daroberta,gorsuch,0.16115,1,Emotional/Evaluative,,
feature,shared,daroberta,"irony,’’",0.355846,1,Emotional/Evaluative,,
feature,shared,daroberta,blows,0.084115,1,Emotional/Evaluative,,
feature,shared,daroberta,misleading,0.154078,2,Emotional/Evaluative,,
feature,shared,daroberta,brennan…’’,0.061519,1,Emotional/Evaluative,,
feature,shared,daroberta,witch,0.125306,1,Emotional/Evaluative,,
feature,shared,daroberta,hunt!””,0.163135,1,Emotional/Evaluative,,
feature,shared,daroberta,crying,0.217428,1,Emotional/Evaluative,,
feature,shared,daroberta,foul,0.14298,1,Emotional/Evaluative,,
feature,shared,daroberta,anything,0.07157,1,Emotional/Evaluative,,
feature,shared,daroberta,poison,0.183033,1,Emotional/Evaluative,,
feature,shared,daroberta,stuffed,0.101682,1,Emotional/Evaluative,,
feature,shared,daroberta,trump‘‘’’’’,0.181523,1,Emotional/Evaluative,,
feature,shared,daroberta,course,0.162068,1,Emotional/Evaluative,,
feature,shared,daroberta,100false,0.312965,1,Emotional/Evaluative,,
feature,shared,daroberta,liber,0.143025,1,Emotional/Evaluative,,
feature,shared,daroberta,als,0.09538,1,Emotional/Evaluative,,
feature,shared,daroberta,prevent,0.089318,1,Emotional/Evaluative,,
feature,shared,daroberta,gone,0.127219,1,Emotional/Evaluative,,
feature,shared,daroberta,““somewhere,0.091892,1,Emotional/Evaluative,,
feature,shared,daroberta,destruction,0.153594,1,Emotional/Evaluative,,
feature,shared,daroberta,fox’’s,0.100376,1,Emotional/Evaluative,,
feature,shared,daroberta,skirmish,0.08808,1,Emotional/Evaluative,,
feature,shared,daroberta,icon,0.121099,2,Emotional/Evaluative,,
feature,shared,daroberta,motherfucker.””,0.475398,1,Emotional/Evaluative,,
feature,shared,daroberta,dishonest,0.35755,1,Emotional/Evaluative,,
feature,shared,daroberta,system!””,0.287084,1,Emotional/Evaluative,,
feature,shared,daroberta,liberal,0.3745,1,Emotional/Evaluative,,
feature,shared,daroberta,storm,0.156554,1,Emotional/Evaluative,,
feature,shared,daroberta,published,0.067269,1,Emotional/Evaluative,,
feature,shared,daroberta,saturday,0.093824,2,Function/Temporal Words,,
feature,shared,daroberta,predictions,0.069461,1,Emotional/Evaluative,,
feature,shared,daroberta,virtually,0.073892,1,Emotional/Evaluative,,
feature,shared,daroberta,infamous,0.100644,1,Emotional/Evaluative,,
feature,shared,daroberta,remark,0.075191,1,Emotional/Evaluative,,
feature,shared,daroberta,gaffes,0.102622,1,Emotional/Evaluative,,
feature,shared,daroberta,slams',0.145285,1,Emotional/Evaluative,,
feature,shared,daroberta,crooked',0.247594,1,Emotional/Evaluative,,
feature,shared,daroberta,huma,0.076582,1,Emotional/Evaluative,,
feature,shared,daroberta,deep,0.113108,1,Emotional/Evaluative,,
feature,shared,daroberta,state',0.131986,1,Emotional/Evaluative,,
feature,shared,daroberta,nor,0.095633,1,Emotional/Evaluative,,
feature,shared,daroberta,pundit,0.39924,1,Emotional/Evaluative,,
feature,shared,daroberta,question,0.125809,1,Emotional/Evaluative,,
feature,shared,daroberta,apologizes,0.090793,1,Emotional/Evaluative,,
feature,shared,daroberta,controversial,0.179957,1,Emotional/Evaluative,,
feature,shared,daroberta,images,0.082771,1,Emotional/Evaluative,,
feature,shared,daroberta,bloodied,0.261646,1,Emotional/Evaluative,,
feature,shared,daroberta,head,0.093685,1,Emotional/Evaluative,,
feature,shared,daroberta,lurch,0.093216,1,Emotional/Evaluative,,
feature,shared,daroberta,fiery,0.343084,1,Emotional/Evaluative,,
feature,shared,daroberta,fox,0.062142,4,Emotional/Evaluative,,
feature,shared,daroberta,bigots,0.558082,1,Emotional/Evaluative,,
feature,shared,daroberta,scoffed,0.21789,1,Emotional/Evaluative,,
feature,shared,daroberta,vehemently,0.108782,1,Emotional/Evaluative,,
feature,shared,daroberta,rumors,0.116385,1,Emotional/Evaluative,,
feature,shared,daroberta,rippled,0.081614,1,Emotional/Evaluative,,
feature,shared,daroberta,washington,0.085524,1,Emotional/Evaluative,,
feature,shared,daroberta,terrorists,0.417844,1,Emotional/Evaluative,,
feature,shared,daroberta,attacks,0.07773,2,Emotional/Evaluative,,
feature,shared,daroberta,beck,0.064217,1,Emotional/Evaluative,,
feature,shared,daroberta,armed,0.086192,1,Emotional/Evaluative,,
feature,shared,daroberta,chalkboard,0.196802,1,Emotional/Evaluative,,
feature,shared,daroberta,blamed,0.193687,1,Emotional/Evaluative,,
feature,shared,daroberta,veered,0.085657,1,Emotional/Evaluative,,
feature,shared,daroberta,veiled,0.097462,1,Emotional/Evaluative,,
feature,shared,daroberta,outright,0.109934,1,Emotional/Evaluative,,
feature,shared,daroberta,president’’,0.088213,1,Emotional/Evaluative,,
feature,shared,daroberta,pledge,0.079377,1,Emotional/Evaluative,,
feature,shared,daroberta,earthislamic,0.23563,1,Emotional/Evaluative,,
feature,shared,daroberta,terrorism,0.264092,1,Emotional/Evaluative,,
feature,shared,daroberta,elephants,0.139328,1,Emotional/Evaluative,,
feature,shared,daroberta,africa,0.109923,1,Emotional/Evaluative,,
feature,shared,daroberta,terrorist,0.384874,2,Emotional/Evaluative,,
feature,shared,daroberta,killed,0.066043,1,Emotional/Evaluative,,
feature,shared,daroberta,alarming,0.112459,1,Emotional/Evaluative,,
feature,shared,daroberta,stereotyping,0.157353,1,Explicit Bias Terms,,
feature,shared,daroberta,simply,0.091815,1,Emotional/Evaluative,,
feature,shared,daroberta,ironically,0.374487,1,Emotional/Evaluative,,
feature,shared,daroberta,oligarchs,0.096374,1,Emotional/Evaluative,,
feature,shared,daroberta,inept,0.192472,1,Emotional/Evaluative,,
feature,shared,daroberta,ideological,0.277625,1,Emotional/Evaluative,,
feature,shared,daroberta,base,0.097697,1,Emotional/Evaluative,,
feature,shared,daroberta,profoundly,0.106944,1,Emotional/Evaluative,,
feature,shared,daroberta,animates,0.08865,1,Emotional/Evaluative,,
feature,shared,daroberta,governor,0.133716,1,Emotional/Evaluative,,
feature,shared,daroberta,1993,0.112415,1,Emotional/Evaluative,,
feature,shared,daroberta,quietly,0.184834,1,Emotional/Evaluative,,
feature,shared,daroberta,parade,0.088814,1,Emotional/Evaluative,,
feature,shared,daroberta,that-----,0.091276,1,Emotional/Evaluative,,
feature,shared,daroberta,fg,0.07246,1,Emotional/Evaluative,,
feature,shared,daroberta,acrimony,0.237635,1,Emotional/Evaluative,,
feature,shared,daroberta,enormous,0.116152,1,Emotional/Evaluative,,
feature,shared,daroberta,ceaseless,0.441229,1,Emotional/Evaluative,,
feature,shared,daroberta,administration,0.063419,3,Emotional/Evaluative,,
feature,shared,daroberta,exasper,0.143903,1,Emotional/Evaluative,,
feature,shared,daroberta,ated,0.103772,1,Emotional/Evaluative,,
feature,shared,daroberta,yawning,0.247686,1,Emotional/Evaluative,,
feature,shared,daroberta,excoriated,0.166501,1,Emotional/Evaluative,,
feature,shared,daroberta,supposedly,0.098128,1,Emotional/Evaluative,,
feature,shared,daroberta,shoddy,0.474176,1,Emotional/Evaluative,,
feature,shared,daroberta,you…,0.10728,1,Emotional/Evaluative,,
feature,shared,daroberta,friggin,0.580906,1,Emotional/Evaluative,,
feature,shared,daroberta,bashed,0.581996,1,Emotional/Evaluative,,
feature,shared,daroberta,left,0.098397,1,Emotional/Evaluative,,
feature,shared,daroberta,ending,0.099228,1,Emotional/Evaluative,,
feature,shared,daroberta,lambasted,0.321043,1,Emotional/Evaluative,,
feature,shared,daroberta,insisting,0.240781,1,Framing/Reporting Verbs,,
feature,shared,daroberta,buffeted,0.11984,1,Emotional/Evaluative,,
feature,shared,daroberta,humor,0.103928,1,Emotional/Evaluative,,
feature,shared,daroberta,isolated,0.072159,1,Emotional/Evaluative,,
summary,shared,daroberta,,,227,Emotional/Evaluative,0.9619,236
summary,shared,daroberta,,,1,Explicit Bias Terms,0.0042,236
summary,shared,daroberta,,,4,Framing/Reporting Verbs,0.0169,236
summary,shared,daroberta,,,4,Function/Temporal Words,0.0169,236
feature,bd_only,biasdetector,withering,0.155254,1,Emotional/Evaluative,,
feature,bd_only,biasdetector,ripostes,0.172379,1,Emotional/Evaluative,,
feature,bd_only,biasdetector,mostly,0.089178,1,Emotional/Evaluative,,
feature,bd_only,biasdetector,biden,0.082682,5,Emotional/Evaluative,,
feature,bd_only,biasdetector,overlook,0.197843,1,Emotional/Evaluative,,
feature,bd_only,biasdetector,fact,0.13473,1,Emotional/Evaluative,,
feature,bd_only,biasdetector,2004,0.073075,1,Emotional/Evaluative,,
feature,bd_only,biasdetector,he,0.06579,15,Emotional/Evaluative,,
feature,bd_only,biasdetector,savvy,0.117312,1,Emotional/Evaluative,,
feature,bd_only,biasdetector,media,0.073583,2,Emotional/Evaluative,,
feature,bd_only,biasdetector,attentive,0.17826,1,Emotional/Evaluative,,
feature,bd_only,biasdetector,portrayed,0.125465,1,Framing/Reporting Verbs,,
feature,bd_only,biasdetector,terror,0.120961,2,Emotional/Evaluative,,
feature,bd_only,biasdetector,groups,0.152216,3,Emotional/Evaluative,,
feature,bd_only,biasdetector,attempts,0.063155,1,Emotional/Evaluative,,
feature,bd_only,biasdetector,she,0.082153,3,Emotional/Evaluative,,
feature,bd_only,biasdetector,vowed,0.076596,1,Emotional/Evaluative,,
feature,bd_only,biasdetector,democrats,0.066284,18,Emotional/Evaluative,,
feature,bd_only,biasdetector,foil,0.06618,1,Emotional/Evaluative,,
feature,bd_only,biasdetector,elect,0.094564,1,Emotional/Evaluative,,
feature,bd_only,biasdetector,j.’’,0.125666,1,Emotional/Evaluative,,
feature,bd_only,biasdetector,trumps,0.093998,4,Emotional/Evaluative,,
feature,bd_only,biasdetector,administration,0.066377,2,Emotional/Evaluative,,
feature,bd_only,biasdetector,told,0.091885,4,Emotional/Evaluative,,
feature,bd_only,biasdetector,should,0.063091,4,Function/Temporal Words,,
feature,bd_only,biasdetector,year,0.089844,2,Function/Temporal Words,,
feature,bd_only,biasdetector,medicare?””,0.114914,1,Emotional/Evaluative,,
feature,bd_only,biasdetector,double,0.140912,2,Emotional/Evaluative,,
feature,bd_only,biasdetector,reality,0.181287,1,Emotional/Evaluative,,
feature,bd_only,biasdetector,contraction,0.108357,1,Emotional/Evaluative,,
feature,bd_only,biasdetector,ary,0.1127,1,Emotional/Evaluative,,
feature,bd_only,biasdetector,policy,0.088074,2,Emotional/Evaluative,,
feature,bd_only,biasdetector,said,0.120314,2,Framing/Reporting Verbs,,
feature,bd_only,biasdetector,never,0.081897,1,Emotional/Evaluative,,
feature,bd_only,biasdetector,excruciating,0.373163,1,Emotional/Evaluative,,
feature,bd_only,biasdetector,concessions,0.09252,1,Emotional/Evaluative,,
feature,bd_only,biasdetector,plus,0.347781,1,Emotional/Evaluative,,
feature,bd_only,biasdetector,wants,0.147608,2,Emotional/Evaluative,,
feature,bd_only,biasdetector,commit$,0.122951,1,Emotional/Evaluative,,
feature,bd_only,biasdetector,billion,0.089723,1,Emotional/Evaluative,,
feature,bd_only,biasdetector,gun,0.095057,1,Emotional/Evaluative,,
feature,bd_only,biasdetector,explicitly,0.084036,1,Emotional/Evaluative,,
feature,bd_only,biasdetector,prohibit,0.098064,1,Emotional/Evaluative,,
feature,bd_only,biasdetector,purchasing,0.073706,1,Emotional/Evaluative,,
feature,bd_only,biasdetector,great,0.476044,1,Emotional/Evaluative,,
feature,bd_only,biasdetector,““there’’s,0.307804,1,Emotional/Evaluative,,
feature,bd_only,biasdetector,some,0.081372,5,Function/Temporal Words,,
feature,bd_only,biasdetector,huge,0.095368,2,Emotional/Evaluative,,
feature,bd_only,biasdetector,holes,0.31375,1,Emotional/Evaluative,,
feature,bd_only,biasdetector,safe,0.137365,1,Emotional/Evaluative,,
feature,bd_only,biasdetector,incensed,0.527175,1,Emotional/Evaluative,,
feature,bd_only,biasdetector,extended,0.073477,2,Emotional/Evaluative,,
feature,bd_only,biasdetector,p,0.064798,1,Emotional/Evaluative,,
feature,bd_only,biasdetector,recipients,0.070181,2,Emotional/Evaluative,,
feature,bd_only,biasdetector,effectively,0.322179,1,Emotional/Evaluative,,
feature,bd_only,biasdetector,caught,0.168433,1,Emotional/Evaluative,,
feature,bd_only,biasdetector,wings,0.097492,1,Emotional/Evaluative,,
feature,bd_only,biasdetector,essentially,0.203497,1,Emotional/Evaluative,,
feature,bd_only,biasdetector,left,0.070345,1,Emotional/Evaluative,,
feature,bd_only,biasdetector,several,0.068954,2,Emotional/Evaluative,,
feature,bd_only,biasdetector,months―,0.07587,1,Emotional/Evaluative,,
feature,bd_only,biasdetector,less,0.180717,2,Emotional/Evaluative,,
feature,bd_only,biasdetector,incentive,0.23716,1,Emotional/Evaluative,,
feature,bd_only,biasdetector,““i,0.285838,1,Emotional/Evaluative,,
feature,bd_only,biasdetector,blessed,0.086869,1,Emotional/Evaluative,,
feature,bd_only,biasdetector,arent,0.071086,1,Emotional/Evaluative,,
feature,bd_only,biasdetector,attention.””,0.098846,1,Emotional/Evaluative,,
feature,bd_only,biasdetector,““in,0.182054,1,Emotional/Evaluative,,
feature,bd_only,biasdetector,years,0.179273,1,Function/Temporal Words,,
feature,bd_only,biasdetector,republicans,0.075402,17,Emotional/Evaluative,,
feature,bd_only,biasdetector,afraid,0.148902,1,Emotional/Evaluative,,
feature,bd_only,biasdetector,trump’’s,0.099811,1,Emotional/Evaluative,,
feature,bd_only,biasdetector,even,0.091699,5,Emotional/Evaluative,,
feature,bd_only,biasdetector,trouble,0.149591,1,Emotional/Evaluative,,
feature,bd_only,biasdetector,tuesday,0.297427,2,Function/Temporal Words,,
feature,bd_only,biasdetector,reserved,0.071247,1,Emotional/Evaluative,,
feature,bd_only,biasdetector,deepest,0.173533,1,Emotional/Evaluative,,
feature,bd_only,biasdetector,disdain,0.359618,1,Emotional/Evaluative,,
feature,bd_only,biasdetector,president’’,0.146108,1,Emotional/Evaluative,,
feature,bd_only,biasdetector,secretary,0.075525,2,Emotional/Evaluative,,
feature,bd_only,biasdetector,wisconsin,0.074026,1,Emotional/Evaluative,,
feature,bd_only,biasdetector,vented,0.147591,1,Emotional/Evaluative,,
feature,bd_only,biasdetector,putting,0.061918,1,Emotional/Evaluative,,
feature,bd_only,biasdetector,internal,0.276938,1,Emotional/Evaluative,,
feature,bd_only,biasdetector,insurrections,0.145506,1,Emotional/Evaluative,,
feature,bd_only,biasdetector,upended,0.127579,1,Emotional/Evaluative,,
feature,bd_only,biasdetector,decade,0.140203,1,Emotional/Evaluative,,
feature,bd_only,biasdetector,experienced,0.090296,1,Emotional/Evaluative,,
feature,bd_only,biasdetector,resist,0.064833,2,Emotional/Evaluative,,
feature,bd_only,biasdetector,talking,0.103223,1,Emotional/Evaluative,,
feature,bd_only,biasdetector,bidens,0.078285,1,Emotional/Evaluative,,
feature,bd_only,biasdetector,behavior,0.179941,1,Emotional/Evaluative,,
feature,bd_only,biasdetector,across,0.162166,1,Emotional/Evaluative,,
feature,bd_only,biasdetector,repeatedly,0.243159,2,Emotional/Evaluative,,
feature,bd_only,biasdetector,suggested,0.070517,1,Framing/Reporting Verbs,,
feature,bd_only,biasdetector,wisely,0.081643,1,Emotional/Evaluative,,
feature,bd_only,biasdetector,thought,0.073601,1,Emotional/Evaluative,,
feature,bd_only,biasdetector,shoo,0.080028,1,Emotional/Evaluative,,
feature,bd_only,biasdetector,smell,0.078593,1,Emotional/Evaluative,,
feature,bd_only,biasdetector,pinnacle,0.083721,1,Emotional/Evaluative,,
feature,bd_only,biasdetector,full,0.078364,2,Emotional/Evaluative,,
feature,bd_only,biasdetector,speculation,0.074478,1,Emotional/Evaluative,,
feature,bd_only,biasdetector,retire,0.178795,1,Emotional/Evaluative,,
feature,bd_only,biasdetector,secretly,0.096111,1,Emotional/Evaluative,,
feature,bd_only,biasdetector,democratically,0.087079,1,Emotional/Evaluative,,
feature,bd_only,biasdetector,monday,0.168315,2,Function/Temporal Words,,
feature,bd_only,biasdetector,highest,0.07652,1,Emotional/Evaluative,,
feature,bd_only,biasdetector,ranking,0.07572,1,Emotional/Evaluative,,
feature,bd_only,biasdetector,officially,0.102182,1,Emotional/Evaluative,,
feature,bd_only,biasdetector,construction,0.133017,1,Emotional/Evaluative,,
feature,bd_only,biasdetector,onslaught,0.128088,1,Emotional/Evaluative,,
feature,bd_only,biasdetector,broker,0.061444,1,Emotional/Evaluative,,
feature,bd_only,biasdetector,quickly,0.204992,3,Emotional/Evaluative,,
feature,bd_only,biasdetector,scuttled,0.1017,1,Emotional/Evaluative,,
feature,bd_only,biasdetector,resembled,0.097448,1,Emotional/Evaluative,,
feature,bd_only,biasdetector,agenda,0.108163,2,Emotional/Evaluative,,
feature,bd_only,biasdetector,longer,0.094325,1,Emotional/Evaluative,,
feature,bd_only,biasdetector,modern,0.15555,1,Emotional/Evaluative,,
feature,bd_only,biasdetector,gop,0.064089,3,Emotional/Evaluative,,
feature,bd_only,biasdetector,enraged,0.284546,1,Emotional/Evaluative,,
feature,bd_only,biasdetector,liberals,0.093106,2,Emotional/Evaluative,,
feature,bd_only,biasdetector,betrayal,0.250554,1,Emotional/Evaluative,,
feature,bd_only,biasdetector,yes,0.10048,1,Emotional/Evaluative,,
feature,bd_only,biasdetector,friday,0.113803,2,Function/Temporal Words,,
feature,bd_only,biasdetector,racially,0.097332,1,Emotional/Evaluative,,
feature,bd_only,biasdetector,charged,0.152846,1,Emotional/Evaluative,,
feature,bd_only,biasdetector,drawn,0.098148,1,Emotional/Evaluative,,
feature,bd_only,biasdetector,fire,0.063043,2,Emotional/Evaluative,,
feature,bd_only,biasdetector,saying,0.078294,3,Framing/Reporting Verbs,,
feature,bd_only,biasdetector,bad,0.069214,2,Emotional/Evaluative,,
feature,bd_only,biasdetector,face,0.086048,1,Emotional/Evaluative,,
feature,bd_only,biasdetector,swiftly,0.205101,1,Emotional/Evaluative,,
feature,bd_only,biasdetector,pressured,0.231798,2,Emotional/Evaluative,,
feature,bd_only,biasdetector,putin,0.095212,2,Emotional/Evaluative,,
feature,bd_only,biasdetector,meeting,0.114748,3,Emotional/Evaluative,,
feature,bd_only,biasdetector,identical,0.197206,1,Emotional/Evaluative,,
feature,bd_only,biasdetector,banal,0.49111,1,Emotional/Evaluative,,
feature,bd_only,biasdetector,statements,0.068482,1,Emotional/Evaluative,,
feature,bd_only,biasdetector,illegal,0.304435,2,Emotional/Evaluative,,
feature,bd_only,biasdetector,crossings,0.09059,1,Emotional/Evaluative,,
feature,bd_only,biasdetector,critics,0.131909,1,Emotional/Evaluative,,
feature,bd_only,biasdetector,manufacturing,0.073782,1,Emotional/Evaluative,,
feature,bd_only,biasdetector,crisis,0.07307,1,Emotional/Evaluative,,
feature,bd_only,biasdetector,witnesses,0.122129,1,Emotional/Evaluative,,
feature,bd_only,biasdetector,bolder,0.082549,1,Emotional/Evaluative,,
feature,bd_only,biasdetector,destabilize,0.256857,1,Emotional/Evaluative,,
feature,bd_only,biasdetector,including,0.102935,2,Emotional/Evaluative,,
feature,bd_only,biasdetector,liz’’,0.166594,1,Emotional/Evaluative,,
feature,bd_only,biasdetector,cheneys,0.140462,1,Emotional/Evaluative,,
feature,bd_only,biasdetector,throated,0.07255,1,Emotional/Evaluative,,
feature,bd_only,biasdetector,same,0.08903,3,Emotional/Evaluative,,
feature,bd_only,biasdetector,like,0.065324,4,Emotional/Evaluative,,
feature,bd_only,biasdetector,address,0.066818,1,Emotional/Evaluative,,
feature,bd_only,biasdetector,bemoaning,0.203232,1,Emotional/Evaluative,,
feature,bd_only,biasdetector,demanding,0.161473,1,Emotional/Evaluative,,
feature,bd_only,biasdetector,purity,0.080564,1,Emotional/Evaluative,,
feature,bd_only,biasdetector,not““,0.100002,1,Emotional/Evaluative,,
feature,bd_only,biasdetector,choosing.””,0.427547,1,Emotional/Evaluative,,
feature,bd_only,biasdetector,chaotic,0.394358,1,Emotional/Evaluative,,
feature,bd_only,biasdetector,ryan―,0.08214,1,Emotional/Evaluative,,
feature,bd_only,biasdetector,shot,0.077443,2,Emotional/Evaluative,,
feature,bd_only,biasdetector,down’’,0.118384,1,Emotional/Evaluative,,
feature,bd_only,biasdetector,idea,0.124194,1,Emotional/Evaluative,,
feature,bd_only,biasdetector,nativist,0.155967,1,Emotional/Evaluative,,
feature,bd_only,biasdetector,"values,””",0.073739,1,Emotional/Evaluative,,
feature,bd_only,biasdetector,sheyman,0.068964,1,Emotional/Evaluative,,
feature,bd_only,biasdetector,significant,0.075014,1,Emotional/Evaluative,,
feature,bd_only,biasdetector,thursday,0.190345,2,Function/Temporal Words,,
feature,bd_only,biasdetector,steal,0.235413,1,Emotional/Evaluative,,
feature,bd_only,biasdetector,number,0.069766,4,Emotional/Evaluative,,
feature,bd_only,biasdetector,recession,0.145114,1,Emotional/Evaluative,,
feature,bd_only,biasdetector,ms,0.075825,2,Emotional/Evaluative,,
feature,bd_only,biasdetector,klobuchar,0.213313,1,Emotional/Evaluative,,
feature,bd_only,biasdetector,illustrates,0.140433,1,Emotional/Evaluative,,
feature,bd_only,biasdetector,why,0.063342,1,Emotional/Evaluative,,
feature,bd_only,biasdetector,broadly,0.087582,1,Emotional/Evaluative,,
feature,bd_only,biasdetector,little,0.071978,2,Emotional/Evaluative,,
feature,bd_only,biasdetector,world,0.071558,2,Emotional/Evaluative,,
feature,bd_only,biasdetector,laughs,0.192211,1,Emotional/Evaluative,,
feature,bd_only,biasdetector,'t,0.073864,2,Emotional/Evaluative,,
feature,bd_only,biasdetector,laughing,0.118669,1,Emotional/Evaluative,,
feature,bd_only,biasdetector,sharpest,0.125208,1,Emotional/Evaluative,,
feature,bd_only,biasdetector,rejection,0.143736,1,Emotional/Evaluative,,
feature,bd_only,biasdetector,strzok,0.093759,1,Emotional/Evaluative,,
feature,bd_only,biasdetector,fired,0.114268,1,Emotional/Evaluative,,
feature,bd_only,biasdetector,written,0.104509,1,Emotional/Evaluative,,
feature,bd_only,biasdetector,words,0.086557,1,Emotional/Evaluative,,
feature,bd_only,biasdetector,plainly,0.517352,2,Emotional/Evaluative,,
feature,bd_only,biasdetector,showed,0.068009,1,Emotional/Evaluative,,
feature,bd_only,biasdetector,suggesting,0.175466,1,Framing/Reporting Verbs,,
feature,bd_only,biasdetector,winning,0.210954,1,Emotional/Evaluative,,
feature,bd_only,biasdetector,entitlement,0.115097,1,Emotional/Evaluative,,
feature,bd_only,biasdetector,c,0.088695,1,Emotional/Evaluative,,
feature,bd_only,biasdetector,meanwhile,0.108252,1,Emotional/Evaluative,,
feature,bd_only,biasdetector,politicization,0.226559,1,Emotional/Evaluative,,
feature,bd_only,biasdetector,tea,0.123985,3,Emotional/Evaluative,,
feature,bd_only,biasdetector,activists,0.122044,1,Emotional/Evaluative,,
feature,bd_only,biasdetector,energy,0.063258,1,Emotional/Evaluative,,
feature,bd_only,biasdetector,ouster,0.103768,1,Emotional/Evaluative,,
feature,bd_only,biasdetector,progressivism,0.308091,1,Emotional/Evaluative,,
feature,bd_only,biasdetector,cancer,0.066127,1,Emotional/Evaluative,,
feature,bd_only,biasdetector,must,0.094335,1,Function/Temporal Words,,
feature,bd_only,biasdetector,system,0.078122,1,Emotional/Evaluative,,
feature,bd_only,biasdetector,enter,0.339873,1,Emotional/Evaluative,,
feature,bd_only,biasdetector,lauten,0.127879,1,Emotional/Evaluative,,
feature,bd_only,biasdetector,speech,0.070294,1,Emotional/Evaluative,,
feature,bd_only,biasdetector,huckabee,0.085168,1,Emotional/Evaluative,,
feature,bd_only,biasdetector,trying,0.299334,1,Emotional/Evaluative,,
feature,bd_only,biasdetector,equipped,0.111364,1,Emotional/Evaluative,,
feature,bd_only,biasdetector,clinton,0.159603,2,Emotional/Evaluative,,
feature,bd_only,biasdetector,frontrunner,0.084759,1,Emotional/Evaluative,,
feature,bd_only,biasdetector,legislation,0.104205,1,Emotional/Evaluative,,
feature,bd_only,biasdetector,despite,0.223007,1,Emotional/Evaluative,,
feature,bd_only,biasdetector,conversations,0.123297,1,Emotional/Evaluative,,
feature,bd_only,biasdetector,dour,0.134375,1,Emotional/Evaluative,,
feature,bd_only,biasdetector,assessment,0.1899,1,Emotional/Evaluative,,
feature,bd_only,biasdetector,declined,0.067738,1,Emotional/Evaluative,,
feature,bd_only,biasdetector,scrum,0.113773,1,Emotional/Evaluative,,
feature,bd_only,biasdetector,unflattering,0.251832,1,Emotional/Evaluative,,
feature,bd_only,biasdetector,ignored,0.357772,1,Emotional/Evaluative,,
feature,bd_only,biasdetector,well,0.072651,3,Emotional/Evaluative,,
feature,bd_only,biasdetector,know,0.101375,2,Emotional/Evaluative,,
feature,bd_only,biasdetector,"warner,’’",0.179467,1,Emotional/Evaluative,,
feature,bd_only,biasdetector,wrench,0.140554,1,Emotional/Evaluative,,
feature,bd_only,biasdetector,in’’,0.083481,1,Emotional/Evaluative,,
feature,bd_only,biasdetector,congressspokes,0.120498,1,Emotional/Evaluative,,
feature,bd_only,biasdetector,clearly,0.173228,2,Emotional/Evaluative,,
feature,bd_only,biasdetector,members,0.098761,1,Emotional/Evaluative,,
feature,bd_only,biasdetector,amounted,0.072183,1,Emotional/Evaluative,,
feature,bd_only,biasdetector,warning,0.10548,1,Emotional/Evaluative,,
feature,bd_only,biasdetector,month,0.07244,1,Function/Temporal Words,,
feature,bd_only,biasdetector,county,0.091599,1,Emotional/Evaluative,,
feature,bd_only,biasdetector,afford,0.067969,1,Emotional/Evaluative,,
feature,bd_only,biasdetector,politically,0.216057,2,Emotional/Evaluative,,
feature,bd_only,biasdetector,correct,0.199178,1,Emotional/Evaluative,,
feature,bd_only,biasdetector,anymore.””,0.299108,1,Emotional/Evaluative,,
feature,bd_only,biasdetector,freely,0.214494,1,Emotional/Evaluative,,
feature,bd_only,biasdetector,2018,0.08302,1,Emotional/Evaluative,,
feature,bd_only,biasdetector,anoint,0.083856,1,Emotional/Evaluative,,
feature,bd_only,biasdetector,retired,0.074112,1,Emotional/Evaluative,,
feature,bd_only,biasdetector,lt,0.075896,1,Emotional/Evaluative,,
feature,bd_only,biasdetector,gen,0.106693,1,Emotional/Evaluative,,
feature,bd_only,biasdetector,patriot.””,0.090477,1,Emotional/Evaluative,,
feature,bd_only,biasdetector,wednesday,0.155081,2,Function/Temporal Words,,
feature,bd_only,biasdetector,asked,0.090751,1,Emotional/Evaluative,,
feature,bd_only,biasdetector,digs,0.161098,1,Emotional/Evaluative,,
feature,bd_only,biasdetector,these,0.13358,1,Function/Temporal Words,,
feature,bd_only,biasdetector,attack,0.069038,1,Emotional/Evaluative,,
feature,bd_only,biasdetector,tensions,0.12286,1,Emotional/Evaluative,,
feature,bd_only,biasdetector,combustible,0.206947,1,Emotional/Evaluative,,
feature,bd_only,biasdetector,nevertheless,0.080824,1,Emotional/Evaluative,,
feature,bd_only,biasdetector,rise,0.147081,1,Emotional/Evaluative,,
feature,bd_only,biasdetector,hasnt,0.092139,1,Emotional/Evaluative,,
feature,bd_only,biasdetector,shy,0.12052,1,Emotional/Evaluative,,
feature,bd_only,biasdetector,presidency,0.112546,1,Emotional/Evaluative,,
feature,bd_only,biasdetector,angry,0.528035,2,Emotional/Evaluative,,
feature,bd_only,biasdetector,responses,0.106798,1,Emotional/Evaluative,,
feature,bd_only,biasdetector,fuming,0.423673,1,Emotional/Evaluative,,
feature,bd_only,biasdetector,schiff,0.0662,3,Emotional/Evaluative,,
feature,bd_only,biasdetector,remarks,0.085171,1,Emotional/Evaluative,,
feature,bd_only,biasdetector,latest,0.26474,1,Emotional/Evaluative,,
feature,bd_only,biasdetector,tirade,0.175206,1,Emotional/Evaluative,,
feature,bd_only,biasdetector,filibuster,0.076895,2,Emotional/Evaluative,,
feature,bd_only,biasdetector,threat,0.112135,1,Emotional/Evaluative,,
feature,bd_only,biasdetector,realistic,0.185663,1,Emotional/Evaluative,,
feature,bd_only,biasdetector,remaining,0.063091,1,Emotional/Evaluative,,
feature,bd_only,biasdetector,stated,0.142889,1,Framing/Reporting Verbs,,
feature,bd_only,biasdetector,include,0.127171,1,Emotional/Evaluative,,
feature,bd_only,biasdetector,view,0.0728,2,Emotional/Evaluative,,
feature,bd_only,biasdetector,ineffective,0.128846,1,Emotional/Evaluative,,
feature,bd_only,biasdetector,just’’,0.136885,1,Emotional/Evaluative,,
feature,bd_only,biasdetector,lets,0.094336,1,Emotional/Evaluative,,
feature,bd_only,biasdetector,agencies’’,0.089806,1,Emotional/Evaluative,,
feature,bd_only,biasdetector,thats,0.085442,2,Emotional/Evaluative,,
feature,bd_only,biasdetector,subject.””,0.252544,1,Emotional/Evaluative,,
feature,bd_only,biasdetector,resolution,0.139208,2,Emotional/Evaluative,,
feature,bd_only,biasdetector,precluded,0.072039,1,Emotional/Evaluative,,
feature,bd_only,biasdetector,militants,0.06819,1,Emotional/Evaluative,,
feature,bd_only,biasdetector,facing,0.069574,2,Emotional/Evaluative,,
feature,bd_only,biasdetector,hail,0.098211,1,Emotional/Evaluative,,
feature,bd_only,biasdetector,funded,0.075943,1,Emotional/Evaluative,,
feature,bd_only,biasdetector,cancel,0.082668,1,Emotional/Evaluative,,
feature,bd_only,biasdetector,indictments,0.100504,1,Emotional/Evaluative,,
feature,bd_only,biasdetector,grabbing,0.102069,1,Emotional/Evaluative,,
feature,bd_only,biasdetector,thinks,0.23336,1,Emotional/Evaluative,,
feature,bd_only,biasdetector,whoever,0.103597,1,Emotional/Evaluative,,
feature,bd_only,biasdetector,criticized,0.079513,1,Emotional/Evaluative,,
feature,bd_only,biasdetector,insensitivity,0.387526,1,Emotional/Evaluative,,
feature,bd_only,biasdetector,flown,0.136599,1,Emotional/Evaluative,,
feature,bd_only,biasdetector,you,0.077934,2,Emotional/Evaluative,,
feature,bd_only,biasdetector,say’’,0.09718,1,Emotional/Evaluative,,
feature,bd_only,biasdetector,just,0.089727,3,Emotional/Evaluative,,
feature,bd_only,biasdetector,confronted,0.168857,1,Emotional/Evaluative,,
feature,bd_only,biasdetector,themed,0.187249,1,Emotional/Evaluative,,
feature,bd_only,biasdetector,morning,0.081332,1,Emotional/Evaluative,,
feature,bd_only,biasdetector,obvious,0.248639,1,Emotional/Evaluative,,
feature,bd_only,biasdetector,hard,0.096829,1,Emotional/Evaluative,,
feature,bd_only,biasdetector,campaigns,0.116077,1,Emotional/Evaluative,,
feature,bd_only,biasdetector,concerns,0.300416,1,Emotional/Evaluative,,
feature,bd_only,biasdetector,harm,0.115486,1,Emotional/Evaluative,,
feature,bd_only,biasdetector,tweaked,0.109576,1,Emotional/Evaluative,,
feature,bd_only,biasdetector,creating,0.082282,1,Emotional/Evaluative,,
feature,bd_only,biasdetector,job,0.106668,1,Emotional/Evaluative,,
feature,bd_only,biasdetector,inviting,0.129681,1,Emotional/Evaluative,,
feature,bd_only,biasdetector,garden,0.089075,1,Emotional/Evaluative,,
feature,bd_only,biasdetector,magical““,0.165206,1,Emotional/Evaluative,,
feature,bd_only,biasdetector,truth.””,0.116027,1,Emotional/Evaluative,,
feature,bd_only,biasdetector,humanizing,0.237503,1,Emotional/Evaluative,,
feature,bd_only,biasdetector,car,0.066259,1,Emotional/Evaluative,,
feature,bd_only,biasdetector,uncaring,0.06156,1,Emotional/Evaluative,,
feature,bd_only,biasdetector,represented,0.10815,1,Emotional/Evaluative,,
feature,bd_only,biasdetector,angst,0.211736,1,Emotional/Evaluative,,
feature,bd_only,biasdetector,blogger,0.104003,1,Emotional/Evaluative,,
feature,bd_only,biasdetector,andrew,0.062966,1,Emotional/Evaluative,,
feature,bd_only,biasdetector,sullivan,0.207343,1,Emotional/Evaluative,,
feature,bd_only,biasdetector,supporter,0.102304,1,Emotional/Evaluative,,
feature,bd_only,biasdetector,forecasts,0.113273,1,Emotional/Evaluative,,
feature,bd_only,biasdetector,fails,0.252772,1,Emotional/Evaluative,,
feature,bd_only,biasdetector,unnoticed,0.100747,1,Emotional/Evaluative,,
feature,bd_only,biasdetector,office,0.144985,1,Emotional/Evaluative,,
feature,bd_only,biasdetector,reportedly,0.078383,1,Emotional/Evaluative,,
feature,bd_only,biasdetector,drew,0.079077,1,Emotional/Evaluative,,
feature,bd_only,biasdetector,response,0.112489,1,Emotional/Evaluative,,
summary,bd_only,biasdetector,,,305,Emotional/Evaluative,0.9443,323
summary,bd_only,biasdetector,,,0,Explicit Bias Terms,0.0,323
summary,bd_only,biasdetector,,,6,Framing/Reporting Verbs,0.0186,323
summary,bd_only,biasdetector,,,12,Function/Temporal Words,0.0372,323
feature,dr_only,daroberta,texts,0.078854,1,Emotional/Evaluative,,
feature,dr_only,daroberta,mr.’’,0.115789,2,Emotional/Evaluative,,
feature,dr_only,daroberta,lied,0.073063,4,Emotional/Evaluative,,
feature,dr_only,daroberta,trump,0.076472,18,Emotional/Evaluative,,
feature,dr_only,daroberta,said,0.069554,18,Framing/Reporting Verbs,,
feature,dr_only,daroberta,claiming,0.155825,4,Framing/Reporting Verbs,,
feature,dr_only,daroberta,nothing,0.131786,4,Emotional/Evaluative,,
feature,dr_only,daroberta,mattis,0.064348,2,Emotional/Evaluative,,
feature,dr_only,daroberta,trumps,0.147183,3,Emotional/Evaluative,,
feature,dr_only,daroberta,torture,0.077515,1,Emotional/Evaluative,,
feature,dr_only,daroberta,terrorist,0.357115,1,Emotional/Evaluative,,
feature,dr_only,daroberta,suspects,0.127027,1,Emotional/Evaluative,,
feature,dr_only,daroberta,despicable,0.189472,1,Emotional/Evaluative,,
feature,dr_only,daroberta,infowars,0.389964,1,Emotional/Evaluative,,
feature,dr_only,daroberta,severely,0.098831,1,Emotional/Evaluative,,
feature,dr_only,daroberta,spotify,0.061997,1,Emotional/Evaluative,,
feature,dr_only,daroberta,gingrich?““,0.252729,1,Emotional/Evaluative,,
feature,dr_only,daroberta,newt.’’,0.063659,1,Emotional/Evaluative,,
feature,dr_only,daroberta,guy.””,0.094909,1,Emotional/Evaluative,,
feature,dr_only,daroberta,those,0.19879,2,Function/Temporal Words,,
feature,dr_only,daroberta,lies,0.340046,1,Emotional/Evaluative,,
feature,dr_only,daroberta,bad,0.218918,2,Emotional/Evaluative,,
feature,dr_only,daroberta,guy,0.304043,1,Emotional/Evaluative,,
feature,dr_only,daroberta,hello,0.110682,1,Emotional/Evaluative,,
feature,dr_only,daroberta,republican,0.113689,3,Emotional/Evaluative,,
feature,dr_only,daroberta,party,0.075008,4,Emotional/Evaluative,,
feature,dr_only,daroberta,problem,0.17591,3,Emotional/Evaluative,,
feature,dr_only,daroberta,problem!””,0.340549,1,Emotional/Evaluative,,
feature,dr_only,daroberta,declared,0.084793,2,Emotional/Evaluative,,
feature,dr_only,daroberta,the***,0.107036,1,Emotional/Evaluative,,
feature,dr_only,daroberta,motherfer.’’””,0.185683,1,Emotional/Evaluative,,
feature,dr_only,daroberta,““now,0.17803,1,Emotional/Evaluative,,
feature,dr_only,daroberta,partially,0.108189,1,Emotional/Evaluative,,
feature,dr_only,daroberta,defensible,0.196449,1,Emotional/Evaluative,,
feature,dr_only,daroberta,says:‘‘,0.075607,1,Emotional/Evaluative,,
feature,dr_only,daroberta,bullies’’,0.326378,1,Emotional/Evaluative,,
feature,dr_only,daroberta,immigration,0.153494,2,Emotional/Evaluative,,
feature,dr_only,daroberta,activists,0.217472,1,Emotional/Evaluative,,
feature,dr_only,daroberta,targeted,0.218544,1,Emotional/Evaluative,,
feature,dr_only,daroberta,mccarthy,0.076083,2,Emotional/Evaluative,,
feature,dr_only,daroberta,specifically,0.12988,1,Emotional/Evaluative,,
feature,dr_only,daroberta,big,0.143884,2,Emotional/Evaluative,,
feature,dr_only,daroberta,government,0.161507,2,Emotional/Evaluative,,
feature,dr_only,daroberta,post,0.071961,2,Emotional/Evaluative,,
feature,dr_only,daroberta,video,0.102385,1,Emotional/Evaluative,,
feature,dr_only,daroberta,criticism,0.066876,1,Emotional/Evaluative,,
feature,dr_only,daroberta,libya,0.111626,1,Emotional/Evaluative,,
feature,dr_only,daroberta,terror,0.17885,2,Emotional/Evaluative,,
feature,dr_only,daroberta,attack,0.066811,1,Emotional/Evaluative,,
feature,dr_only,daroberta,response,0.061658,1,Emotional/Evaluative,,
feature,dr_only,daroberta,actually,0.077477,1,Emotional/Evaluative,,
feature,dr_only,daroberta,believe,0.176623,1,Emotional/Evaluative,,
feature,dr_only,daroberta,enemy,0.340165,1,Emotional/Evaluative,,
feature,dr_only,daroberta,now,0.066051,5,Function/Temporal Words,,
feature,dr_only,daroberta,majority,0.098746,1,Emotional/Evaluative,,
feature,dr_only,daroberta,““without,0.094892,1,Emotional/Evaluative,,
feature,dr_only,daroberta,massacre,0.10642,3,Emotional/Evaluative,,
feature,dr_only,daroberta,radical,0.283583,2,Emotional/Evaluative,,
feature,dr_only,daroberta,environmentalist,0.230375,1,Emotional/Evaluative,,
feature,dr_only,daroberta,cordiality,0.118849,1,Emotional/Evaluative,,
feature,dr_only,daroberta,dissipated,0.086608,1,Emotional/Evaluative,,
feature,dr_only,daroberta,wasnt,0.097147,1,Emotional/Evaluative,,
feature,dr_only,daroberta,intern,0.116465,1,Emotional/Evaluative,,
feature,dr_only,daroberta,hidden,0.063435,1,Emotional/Evaluative,,
feature,dr_only,daroberta,talked,0.082344,1,Emotional/Evaluative,,
feature,dr_only,daroberta,disparagingly,0.173097,1,Emotional/Evaluative,,
feature,dr_only,daroberta,bashed,0.249406,1,Emotional/Evaluative,,
feature,dr_only,daroberta,his’’,0.069751,1,Emotional/Evaluative,,
feature,dr_only,daroberta,darkness,0.074263,1,Emotional/Evaluative,,
feature,dr_only,daroberta,trying,0.066637,1,Emotional/Evaluative,,
feature,dr_only,daroberta,blame,0.167819,1,Emotional/Evaluative,,
feature,dr_only,daroberta,the/,0.065532,1,Emotional/Evaluative,,
feature,dr_only,daroberta,added,0.092841,2,Emotional/Evaluative,,
feature,dr_only,daroberta,adversaries,0.08482,2,Emotional/Evaluative,,
feature,dr_only,daroberta,jihadists,0.095713,1,Emotional/Evaluative,,
feature,dr_only,daroberta,plot,0.081051,1,Emotional/Evaluative,,
feature,dr_only,daroberta,kill,0.061994,2,Emotional/Evaluative,,
feature,dr_only,daroberta,americans,0.091434,2,Emotional/Evaluative,,
feature,dr_only,daroberta,too,0.067534,2,Emotional/Evaluative,,
feature,dr_only,daroberta,declined,0.121178,1,Emotional/Evaluative,,
feature,dr_only,daroberta,sensing,0.099155,1,Emotional/Evaluative,,
feature,dr_only,daroberta,inevitability,0.452709,1,Emotional/Evaluative,,
feature,dr_only,daroberta,most,0.064325,1,Function/Temporal Words,,
feature,dr_only,daroberta,fox,0.28803,3,Emotional/Evaluative,,
feature,dr_only,daroberta,news,0.160243,3,Emotional/Evaluative,,
feature,dr_only,daroberta,today,0.146911,1,Function/Temporal Words,,
feature,dr_only,daroberta,free,0.126411,1,Emotional/Evaluative,,
feature,dr_only,daroberta,glitzy,0.511827,1,Emotional/Evaluative,,
feature,dr_only,daroberta,vomiting,0.067929,1,Emotional/Evaluative,,
feature,dr_only,daroberta,hours,0.06507,2,Function/Temporal Words,,
feature,dr_only,daroberta,claim,0.280475,1,Framing/Reporting Verbs,,
feature,dr_only,daroberta,lying,0.146619,2,Emotional/Evaluative,,
feature,dr_only,daroberta,thursday,0.06166,2,Function/Temporal Words,,
feature,dr_only,daroberta,mcconnell,0.132457,1,Emotional/Evaluative,,
feature,dr_only,daroberta,accused,0.10643,1,Emotional/Evaluative,,
feature,dr_only,daroberta,obstruction,0.078182,3,Emotional/Evaluative,,
feature,dr_only,daroberta,hate,0.366599,1,Emotional/Evaluative,,
feature,dr_only,daroberta,while,0.13088,1,Function/Temporal Words,,
feature,dr_only,daroberta,liberties,0.108963,1,Emotional/Evaluative,,
feature,dr_only,daroberta,cried,0.082619,1,Emotional/Evaluative,,
feature,dr_only,daroberta,foul,0.170816,1,Emotional/Evaluative,,
feature,dr_only,daroberta,another,0.17585,1,Function/Temporal Words,,
feature,dr_only,daroberta,brutal,0.287515,1,Emotional/Evaluative,,
feature,dr_only,daroberta,reminder,0.070226,1,Emotional/Evaluative,,
feature,dr_only,daroberta,how,0.072874,2,Emotional/Evaluative,,
feature,dr_only,daroberta,““i’’m,0.075518,1,Emotional/Evaluative,,
feature,dr_only,daroberta,getting,0.123944,1,Emotional/Evaluative,,
feature,dr_only,daroberta,whipsawed,0.309412,1,Emotional/Evaluative,,
feature,dr_only,daroberta,bantered,0.274248,1,Emotional/Evaluative,,
feature,dr_only,daroberta,also,0.126371,2,Emotional/Evaluative,,
feature,dr_only,daroberta,praised,0.142472,1,Emotional/Evaluative,,
feature,dr_only,daroberta,isiscoalition,0.068832,1,Emotional/Evaluative,,
feature,dr_only,daroberta,abandoned,0.15099,1,Emotional/Evaluative,,
feature,dr_only,daroberta,““wiki,0.071104,1,Emotional/Evaluative,,
feature,dr_only,daroberta,leaks,0.089846,1,Emotional/Evaluative,,
feature,dr_only,daroberta,loves,0.101864,1,Emotional/Evaluative,,
feature,dr_only,daroberta,ignores,0.125856,1,Emotional/Evaluative,,
feature,dr_only,daroberta,turn,0.090733,1,Emotional/Evaluative,,
feature,dr_only,daroberta,affirmed,0.256321,1,Emotional/Evaluative,,
feature,dr_only,daroberta,claims,0.182779,3,Framing/Reporting Verbs,,
feature,dr_only,daroberta,contain,0.10491,1,Emotional/Evaluative,,
feature,dr_only,daroberta,jihadism,0.271648,2,Emotional/Evaluative,,
feature,dr_only,daroberta,conquer,0.103394,2,Emotional/Evaluative,,
feature,dr_only,daroberta,it.””,0.122922,1,Emotional/Evaluative,,
feature,dr_only,daroberta,republicans,0.062985,3,Emotional/Evaluative,,
feature,dr_only,daroberta,challenge,0.125393,1,Emotional/Evaluative,,
feature,dr_only,daroberta,cable,0.096035,1,Emotional/Evaluative,,
feature,dr_only,daroberta,““the,0.123976,2,Emotional/Evaluative,,
feature,dr_only,daroberta,alleged““,0.167508,1,Emotional/Evaluative,,
feature,dr_only,daroberta,as““,0.108074,1,Emotional/Evaluative,,
feature,dr_only,daroberta,discriminatory,0.066959,1,Explicit Bias Terms,,
feature,dr_only,daroberta,infused,0.091884,1,Emotional/Evaluative,,
feature,dr_only,daroberta,politics,0.180246,2,Emotional/Evaluative,,
feature,dr_only,daroberta,guys,0.074901,1,Emotional/Evaluative,,
feature,dr_only,daroberta,tweeted,0.07779,1,Emotional/Evaluative,,
feature,dr_only,daroberta,saturday:““,0.160905,1,Emotional/Evaluative,,
feature,dr_only,daroberta,32,0.095174,1,Emotional/Evaluative,,
feature,dr_only,daroberta,districts,0.064756,2,Emotional/Evaluative,,
feature,dr_only,daroberta,these,0.084546,3,Function/Temporal Words,,
feature,dr_only,daroberta,orphan,0.152324,1,Emotional/Evaluative,,
feature,dr_only,daroberta,horror,0.138754,1,Emotional/Evaluative,,
feature,dr_only,daroberta,newsweek,0.161267,1,Emotional/Evaluative,,
feature,dr_only,daroberta,extreme,0.105317,1,Emotional/Evaluative,,
feature,dr_only,daroberta,eyed,0.140697,1,Emotional/Evaluative,,
feature,dr_only,daroberta,appeared,0.095789,2,Emotional/Evaluative,,
feature,dr_only,daroberta,scarred,0.144172,1,Emotional/Evaluative,,
feature,dr_only,daroberta,divisive,0.244846,1,Emotional/Evaluative,,
feature,dr_only,daroberta,2010,0.062894,1,Emotional/Evaluative,,
feature,dr_only,daroberta,gnashing,0.376404,1,Emotional/Evaluative,,
feature,dr_only,daroberta,"teeth,””",0.094187,1,Emotional/Evaluative,,
feature,dr_only,daroberta,wild,0.218325,1,Emotional/Evaluative,,
feature,dr_only,daroberta,investigations.””,0.065621,1,Emotional/Evaluative,,
feature,dr_only,daroberta,local,0.064586,1,Emotional/Evaluative,,
feature,dr_only,daroberta,supervisors,0.078402,1,Emotional/Evaluative,,
feature,dr_only,daroberta,much,0.068427,1,Function/Temporal Words,,
feature,dr_only,daroberta,that’’,0.066695,1,Emotional/Evaluative,,
feature,dr_only,daroberta,arpaio,0.131866,1,Emotional/Evaluative,,
feature,dr_only,daroberta,polarizing,0.404476,1,Emotional/Evaluative,,
feature,dr_only,daroberta,figure,0.079098,1,Emotional/Evaluative,,
feature,dr_only,daroberta,““rather,0.067661,1,Emotional/Evaluative,,
feature,dr_only,daroberta,charade,0.13493,1,Emotional/Evaluative,,
feature,dr_only,daroberta,hell,0.589697,1,Emotional/Evaluative,,
feature,dr_only,daroberta,devastating““,0.176368,1,Emotional/Evaluative,,
feature,dr_only,daroberta,hate.””,0.138493,1,Emotional/Evaluative,,
feature,dr_only,daroberta,motherfucker.””,0.424997,1,Emotional/Evaluative,,
feature,dr_only,daroberta,threat,0.102635,1,Emotional/Evaluative,,
feature,dr_only,daroberta,occasional,0.112261,1,Emotional/Evaluative,,
feature,dr_only,daroberta,deranged,0.25186,1,Emotional/Evaluative,,
feature,dr_only,daroberta,unfounded,0.170612,1,Emotional/Evaluative,,
feature,dr_only,daroberta,accusations,0.127867,1,Emotional/Evaluative,,
feature,dr_only,daroberta,like,0.082247,1,Emotional/Evaluative,,
feature,dr_only,daroberta,admitted,0.09675,1,Emotional/Evaluative,,
feature,dr_only,daroberta,year,0.090912,1,Function/Temporal Words,,
feature,dr_only,daroberta,repeatedly,0.372682,1,Emotional/Evaluative,,
feature,dr_only,daroberta,blasting,0.284755,1,Emotional/Evaluative,,
feature,dr_only,daroberta,weakness,0.170173,1,Emotional/Evaluative,,
feature,dr_only,daroberta,claimed,0.228682,2,Framing/Reporting Verbs,,
feature,dr_only,daroberta,himself,0.095836,1,Emotional/Evaluative,,
feature,dr_only,daroberta,itself,0.092237,2,Emotional/Evaluative,,
feature,dr_only,daroberta,okay,0.139464,1,Emotional/Evaluative,,
feature,dr_only,daroberta,fake,0.417498,1,Emotional/Evaluative,,
feature,dr_only,daroberta,classroom,0.111176,1,Emotional/Evaluative,,
feature,dr_only,daroberta,movie,0.103246,1,Emotional/Evaluative,,
feature,dr_only,daroberta,gay,0.071541,1,Emotional/Evaluative,,
feature,dr_only,daroberta,unequivocally,0.215276,1,Emotional/Evaluative,,
feature,dr_only,daroberta,calling,0.061804,1,Framing/Reporting Verbs,,
feature,dr_only,daroberta,terror.””,0.272584,1,Emotional/Evaluative,,
feature,dr_only,daroberta,plainly,0.382105,1,Emotional/Evaluative,,
feature,dr_only,daroberta,untrue,0.193566,1,Emotional/Evaluative,,
feature,dr_only,daroberta,norwalk,0.230427,1,Emotional/Evaluative,,
feature,dr_only,daroberta,seen,0.061984,1,Emotional/Evaluative,,
feature,dr_only,daroberta,jesus,0.096572,1,Emotional/Evaluative,,
feature,dr_only,daroberta,moment,0.062444,1,Emotional/Evaluative,,
feature,dr_only,daroberta,radical””,0.177446,1,Emotional/Evaluative,,
feature,dr_only,daroberta,monday,0.134134,1,Function/Temporal Words,,
feature,dr_only,daroberta,"unfair,””",0.075726,1,Emotional/Evaluative,,
feature,dr_only,daroberta,both““””,0.072146,1,Emotional/Evaluative,,
feature,dr_only,daroberta,corrupt,0.136497,1,Emotional/Evaluative,,
feature,dr_only,daroberta,bureaucrats,0.092946,1,Emotional/Evaluative,,
feature,dr_only,daroberta,laughing,0.064781,1,Emotional/Evaluative,,
feature,dr_only,daroberta,asked:““,0.098106,1,Emotional/Evaluative,,
feature,dr_only,daroberta,vomit,0.129501,1,Emotional/Evaluative,,
feature,dr_only,daroberta,history,0.099959,1,Emotional/Evaluative,,
feature,dr_only,daroberta,absolutely,0.099857,1,Emotional/Evaluative,,
feature,dr_only,daroberta,legitimate,0.159629,1,Emotional/Evaluative,,
feature,dr_only,daroberta,rape,0.247928,1,Emotional/Evaluative,,
feature,dr_only,daroberta,female,0.081585,1,Emotional/Evaluative,,
feature,dr_only,daroberta,whole,0.149356,1,Emotional/Evaluative,,
feature,dr_only,daroberta,thing,0.118626,1,Emotional/Evaluative,,
feature,dr_only,daroberta,pictures,0.108656,1,Emotional/Evaluative,,
feature,dr_only,daroberta,a““””,0.090655,1,Emotional/Evaluative,,
feature,dr_only,daroberta,acrimony,0.138994,1,Emotional/Evaluative,,
feature,dr_only,daroberta,responded,0.073537,1,Emotional/Evaluative,,
feature,dr_only,daroberta,is““,0.071053,1,Emotional/Evaluative,,
feature,dr_only,daroberta,stupidity,0.228199,1,Emotional/Evaluative,,
feature,dr_only,daroberta,loose,0.374871,1,Emotional/Evaluative,,
feature,dr_only,daroberta,awkward,0.207079,1,Emotional/Evaluative,,
feature,dr_only,daroberta,ms,0.083048,1,Emotional/Evaluative,,
feature,dr_only,daroberta,bunch,0.081632,1,Emotional/Evaluative,,
feature,dr_only,daroberta,unraveling,0.184377,1,Emotional/Evaluative,,
feature,dr_only,daroberta,firestorm,0.360649,1,Emotional/Evaluative,,
feature,dr_only,daroberta,grossly,0.091711,1,Emotional/Evaluative,,
feature,dr_only,daroberta,criminals,0.130383,1,Emotional/Evaluative,,
feature,dr_only,daroberta,met,0.117207,1,Emotional/Evaluative,,
feature,dr_only,daroberta,hour,0.102169,1,Function/Temporal Words,,
feature,dr_only,daroberta,lot,0.087221,1,Emotional/Evaluative,,
feature,dr_only,daroberta,environmentalists,0.21186,1,Emotional/Evaluative,,
feature,dr_only,daroberta,santorum,0.122118,1,Emotional/Evaluative,,
feature,dr_only,daroberta,mouth,0.394695,1,Emotional/Evaluative,,
summary,dr_only,daroberta,,,209,Emotional/Evaluative,0.9127,229
summary,dr_only,daroberta,,,1,Explicit Bias Terms,0.0044,229
summary,dr_only,daroberta,,,6,Framing/Reporting Verbs,0.0262,229
summary,dr_only,daroberta,,,13,Function/Temporal Words,0.0568,229
