triplet_uuid,outlet_idx,sentence_idx,model,mean_abs_shap,top20_tokens
70c75d68-bf65-46a6-a822-15c23d77a275,1,2,biasdetector,0.03120160744352362,"““Our|-0.1959;world,””|-0.0966;said|-0.0904;plea.|-0.0810;shame|0.0543;pride...|-0.0336;Trump|-0.0306;not|-0.0303;system|0.0291;source|-0.0254;a|-0.0236;his|-0.0213;a|-0.0192;immigration|0.0187;in|-0.0160;source|-0.0151;is|-0.0049;as|-0.0046;should|-0.0045;over|0.0038"
70c75d68-bf65-46a6-a822-15c23d77a275,1,2,daroberta,0.011977569847845303,"““Our|-0.0576;shame|0.0462;said|-0.0243;source|-0.0218;not|-0.0206;should|-0.0203;immigration|0.0199;world,””|0.0161;of|0.0102;system|0.0090;a|-0.0074;a|-0.0066;the|0.0062;plea.|0.0061;source|-0.0057;over|0.0055;it|-0.0050;his|0.0046;of|0.0041;be|-0.0040"
2b95d2cf-e979-4f9c-ae27-9a5370934f23,1,0,biasdetector,0.01530002352361534,"choosing.””|-0.1158;Friday|-0.0726;chairman|-0.0512;Committee,|-0.0484;resignation|-0.0358;on|-0.0333;Afghanistan,|-0.0316;after|-0.0306;of|-0.0243;National|-0.0238;war|0.0184;of’’|0.0177;he|-0.0173;Steele,|-0.0171;at|-0.0163;Republican|-0.0138;called““|-0.0133;Obamas|0.0132;a|-0.0129;that|-0.0125"
2b95d2cf-e979-4f9c-ae27-9a5370934f23,1,0,daroberta,0.00808863171694013,"choosing.””|0.0346;called““|0.0291;Friday|-0.0275;Committee,|-0.0253;after|-0.0226;Steele,|-0.0201;Afghanistan,|-0.0181;of’’|0.0167;resignation|-0.0144;on|-0.0141;National|-0.0134;fierce|0.0118;WASHINGTON|-0.0104;Michael|-0.0102;Obamas|0.0094;chairman|-0.0087;drew|0.0081;wrong|0.0075;of|-0.0075;war|0.0072"
526cabb7-02a3-4adb-8e90-ec781c40c498,1,11,biasdetector,0.034906369957814515,"Monday|-0.1069;file|-0.0766;to|-0.0721;seeks|-0.0714;Stockman,|-0.0626;Representative|-0.0499;Steve|-0.0477;Texas,|-0.0380;Republican|-0.0346;to|-0.0338;if|0.0292;guns|0.0275;the|0.0247;of|0.0245;orders.|-0.0204;president|-0.0179;executive|-0.0146;impeachment|0.0142;articles|-0.0105;regulate|0.0089"
526cabb7-02a3-4adb-8e90-ec781c40c498,1,11,daroberta,0.01824885096047151,"file|-0.0694;threatened|0.0396;to|-0.0279;articles|0.0275;to|-0.0273;Texas,|-0.0234;Monday|-0.0229;Stockman,|-0.0219;of|0.0218;orders.|-0.0209;Steve|-0.0139;seeks|-0.0133;president|-0.0132;guns|0.0127;executive|-0.0105;regulate|-0.0103;impeachment|0.0091;Representative|-0.0091;with|-0.0080;the|0.0055"
a28a0329-0887-42dc-bd3d-3bb4f8926757,3,8,biasdetector,0.046931027364701526,complained|-0.1415;exercise.|-0.1377;Democratic|-0.1075;And|0.1042;who|0.0955;contention|-0.0765;that|-0.0599;the|-0.0536;document|-0.0486;parts|-0.0471;for|-0.0454;the|0.0367;undermines|0.0319;was|0.0312;lawmakers|-0.0300;of|-0.0286;the|-0.0286;of|0.0258;the|-0.0257;of|-0.0252
a28a0329-0887-42dc-bd3d-3bb4f8926757,3,8,daroberta,0.022474376660380744,lawmakers|-0.0935;And|0.0870;undermines|0.0860;point|-0.0484;who|-0.0273;exempting|-0.0269;reading|-0.0257;that|-0.0255;exercise.|-0.0232;for|-0.0226;Democratic|0.0219;complained|-0.0207;objective|0.0205;the|0.0129;from|-0.0112;the|0.0068;document|0.0067;of|-0.0066;contention|-0.0065;of|0.0065
86e6e27d-1440-4879-8b13-0dd2d89f7281,1,45,biasdetector,0.10385575795440845,"repeatedly|0.3840;Tlaib.|-0.2870;He|-0.1581;censured|0.1554;had|-0.1366;not|-0.1109;out|-0.0876;why|0.0523;Ms.|-0.0306;Pelosi,|-0.0148;she|-0.0123;asking|-0.0117;Ms.|-0.0099;singled|-0.0028"
86e6e27d-1440-4879-8b13-0dd2d89f7281,1,45,daroberta,0.045693873680595846,"repeatedly|0.1962;Ms.|-0.1859;Ms.|-0.0909;censured|-0.0474;Tlaib.|-0.0358;out|-0.0195;singled|0.0149;why|0.0127;she|0.0114;Pelosi,|-0.0079;asking|-0.0059;had|0.0054;not|0.0052;He|0.0006"
7a97de89-1433-46f7-bcc2-f80b041cb9a0,1,0,biasdetector,0.034981233171290815,Controversial|0.1993;early|-0.0799;down.|-0.0604;making|-0.0479;office|-0.0440;an|-0.0437;Tuesday|-0.0415;following|-0.0384;lawmakers|-0.0359;pressure|-0.0341;to|-0.0310;Paul|-0.0299;to|-0.0299;Maine|-0.0287;governors|-0.0278;Page|-0.0273;Le|-0.0253;exit|0.0241;door|-0.0192;step|-0.0184
7a97de89-1433-46f7-bcc2-f80b041cb9a0,1,0,daroberta,0.014435003742590427,Controversial|0.1370;exit|0.0338;early|-0.0312;down.|-0.0216;Gov.|0.0175;from|0.0169;the’’|0.0153;Tuesday|-0.0131;Paul|-0.0101;to|-0.0090;Maine|0.0085;lawmakers|-0.0082;an|-0.0078;step|-0.0076;to|-0.0074;making|-0.0065;door|-0.0062;office|-0.0056;governors|0.0049;following|-0.0045
2ec04201-2016-4227-baf7-ba8289058203,3,3,biasdetector,0.10491517338848028,"""We|-0.4159;raiding|0.2231;'re|-0.2228;who|0.1477;not|0.1341;are|-0.0494;ObamaCare.|-0.0410;pay|-0.0354;for|0.0323;to|0.0301;ones|-0.0184;the|-0.0105;Medicare|-0.0033"
2ec04201-2016-4227-baf7-ba8289058203,3,3,daroberta,0.07102711530975424,"""We|-0.2223;raiding|0.1873;who|0.1081;'re|-0.0732;are|-0.0625;the|0.0600;for|0.0402;ObamaCare.|-0.0383;ones|0.0376;pay|-0.0359;not|-0.0208;Medicare|-0.0186;to|-0.0186"
86e6e27d-1440-4879-8b13-0dd2d89f7281,2,21,biasdetector,0.03554848407123548,"Me.””|-0.1455;Tlaib,|-0.1103;she““|-0.0645;tweeted|-0.0536;comments,|-0.0515;Friday|-0.0472;power.#|-0.0368;that|-0.0270;on|-0.0232;her|-0.0211;will|-0.0174;on|-0.0146;doubling|0.0146;truth|0.0136;speak|-0.0115;to|0.0089;down|-0.0076;always|-0.0035;unapologetically|-0.0030"
86e6e27d-1440-4879-8b13-0dd2d89f7281,2,21,daroberta,0.024531114175529525,"tweeted|-0.0687;Friday|-0.0664;unapologetically|0.0473;Tlaib,|-0.0401;Me.””|0.0361;she““|-0.0285;power.#|0.0240;will|-0.0201;that|-0.0197;truth|0.0182;on|-0.0180;to|0.0135;down|0.0134;on|0.0105;her|0.0105;comments,|-0.0095;doubling|0.0086;speak|-0.0069;always|-0.0063"
47a209b0-fc26-4a0a-a1fe-e4310d1d2419,2,6,biasdetector,0.053900683248527995,"the|-0.1880;option|-0.1773;filibuster|0.1717;so|0.1021;called|0.0975;nuclear|-0.0899;selections.|-0.0736;has|-0.0730;to|-0.0623;Kentucky,|-0.0585;the|0.0573;eliminating|-0.0552;pursue|-0.0488;Republican|-0.0474;Senate|-0.0422;majority|-0.0369;threatened|0.0284;leader,|-0.0276;If|0.0221;together,|-0.0197"
47a209b0-fc26-4a0a-a1fe-e4310d1d2419,2,6,daroberta,0.04078260767862372,"called|0.2501;option|-0.1201;so|0.1108;the|0.0943;the|-0.0902;threatened|0.0687;Kentucky,|-0.0533;majority|-0.0519;filibuster|0.0484;McConnell,|-0.0441;for|0.0342;to|-0.0280;pursue|-0.0265;If|0.0226;together,|-0.0193;eliminating|-0.0154;Senate|-0.0143;Mitch|-0.0122;has|-0.0113;Republican|-0.0106"
2a3fde8a-082a-4d8f-9567-f7e8366c0200,1,10,biasdetector,0.11999849468993488,"finally.|0.4240;""Agent|-0.1904;Strzok|-0.1851;from|-0.1058;fired|0.0855;was|-0.0733;Peter|-0.0634;FBI|0.0428;the|0.0271;just|0.0025"
2a3fde8a-082a-4d8f-9567-f7e8366c0200,1,10,daroberta,0.12064090525382198,"finally.|0.3729;Strzok|-0.2254;fired|0.1295;FBI|0.1124;from|-0.1070;Peter|-0.0752;the|0.0733;just|-0.0594;""Agent|-0.0268;was|-0.0245"
11c9f251-35c8-4452-b052-df9be61464c6,2,8,biasdetector,0.11162365347679172,Her|-0.1892;pulling|0.1813;sister|-0.1529;replied|-0.0951;punches.|0.0742;no|0.0680;by|0.0206
11c9f251-35c8-4452-b052-df9be61464c6,2,8,daroberta,0.0589156452167247,pulling|0.1537;punches.|0.0907;by|-0.0703;sister|-0.0336;no|-0.0242;Her|-0.0237;replied|0.0162
eadabee7-3db9-43c4-a485-3e8b1882cd3c,2,0,biasdetector,0.014512741200223287,"Thursday,|-0.0941;message|-0.0459;Obama|-0.0401;endorsed|-0.0399;campaign|-0.0359;primary|-0.0324;Sanders.|-0.0295;posted|-0.0291;President|-0.0225;video|-0.0212;she|-0.0201;a|-0.0192;to|-0.0177;formally|-0.0170;saying|-0.0163;Clinton|-0.0163;the|-0.0143;rival|-0.0143;House|-0.0139;Bernie|-0.0129"
eadabee7-3db9-43c4-a485-3e8b1882cd3c,2,0,daroberta,0.0037575305360270307,"Obama|-0.0236;Thursday,|-0.0224;just|0.0110;saying|-0.0106;and|-0.0072;courage""|-0.0069;to|-0.0068;House|-0.0053;the|-0.0052;Clinton|-0.0048;Sanders.|-0.0043;President|-0.0043;White|-0.0042;message|-0.0041;succeed|-0.0039;for|-0.0039;primary|-0.0034;rival|-0.0034;posted|-0.0033;in|-0.0031"
f11c2566-848a-4e29-b8c5-4de0a81114e4,3,6,biasdetector,0.05200618205892398,"majority.|-0.1368;year,|-0.1193;clinging|0.0849;vote|-0.0841;six|-0.0776;up|-0.0725;grabs|0.0696;And|0.0685;Senate|-0.0643;could|-0.0589;for|-0.0541;control|-0.0506;be|0.0390;a|-0.0328;with|-0.0267;fragile|0.0249;too,|0.0214;Democrats|-0.0188;of|-0.0148;this|0.0144"
f11c2566-848a-4e29-b8c5-4de0a81114e4,3,6,daroberta,0.04413426840840133,"clinging|0.1601;majority.|-0.1110;grabs|0.1082;for|-0.0911;year,|-0.0716;And|0.0552;to|-0.0491;vote|-0.0478;up|-0.0427;control|-0.0346;with|-0.0311;six|-0.0297;fragile|0.0284;Senate|-0.0200;could|-0.0195;Democrats|0.0185;of|-0.0164;this|0.0128;too,|0.0126;be|-0.0050"
472158a1-4e39-4214-8397-904e66f2b4c5,3,0,biasdetector,0.02256887519775349,"person,””|-0.1632;said|-0.0882;PHILADELPHIA―|-0.0792;Wednesday.|-0.0645;information|0.0517;competent|-0.0470;sane,|0.0456;and|-0.0443;empire,|-0.0293;founder|-0.0292;Bloomberg,|-0.0285;a““|0.0271;Trump,|-0.0248;York|-0.0201;news|-0.0196;of|-0.0185;Michael|-0.0176;the|-0.0133;Bloomberg|-0.0133;at|-0.0133"
472158a1-4e39-4214-8397-904e66f2b4c5,3,0,daroberta,0.009151163548017116,"PHILADELPHIA―|-0.0336;said|-0.0267;sane,|0.0260;a““|0.0250;information|0.0232;founder|-0.0230;Americans|-0.0200;at|-0.0198;and|-0.0197;unlike|0.0165;of|-0.0119;person,””|0.0116;Trump,|0.0109;financial|-0.0107;Wednesday.|-0.0107;Republican|0.0097;should|-0.0083;news|-0.0077;vote|-0.0075;empire,|0.0048"
86e6e27d-1440-4879-8b13-0dd2d89f7281,2,4,biasdetector,0.04037425149312263,"apparently|0.2036;lawmaker|-0.1503;election,|-0.1112;The|-0.1061;lewd|0.0805;2016|-0.0688;ahead|-0.0657;2005|-0.0598;video|-0.0473;talking|0.0411;presidential|-0.0342;came|-0.0331;made|-0.0311;Trump|0.0255;Bush|0.0236;comments|0.0226;of|-0.0213;women.|-0.0204;was|-0.0201;a|-0.0137"
86e6e27d-1440-4879-8b13-0dd2d89f7281,2,4,daroberta,0.02181236404380525,"apparently|0.1604;video|-0.0523;2005|-0.0452;made|0.0418;Trump|0.0413;election,|-0.0396;talking|0.0351;about|0.0270;lewd|0.0263;referring|-0.0240;lawmaker|-0.0223;ahead|-0.0195;to|0.0172;was|-0.0164;2016|-0.0163;came|-0.0152;women.|0.0122;presidential|-0.0097;Bush|0.0097;to|0.0088"
f688c56d-7fae-42ef-b7f7-7db207b58d27,3,6,biasdetector,0.0671736641106882,said|-0.2997;ridiculousand|0.2415;end.””|-0.1808;He|-0.1499;is““””|-0.1466;right|-0.0550;the|0.0478;birthright|0.0282;awarded|-0.0177;Americans|0.0168;babies|0.0152;to|0.0139;born|-0.0128;the|-0.0122;that|-0.0099;as|-0.0089;has|-0.0074;to|-0.0074;system““|-0.0046
f688c56d-7fae-42ef-b7f7-7db207b58d27,3,6,daroberta,0.05384885419870874,ridiculousand|0.4576;said|-0.1360;is““””|-0.1220;right|-0.0912;He|-0.0713;system““|0.0527;end.””|-0.0198;awarded|0.0145;has|0.0104;the|-0.0098;to|-0.0093;that|0.0083;the|0.0083;born|-0.0037;birthright|0.0021;to|0.0016;babies|0.0016;Americans|0.0016;as|-0.0014
ee05c9b3-529c-4268-ad72-19bd34f7197e,3,0,biasdetector,0.0544124067363998,political|0.1865;who|0.1445;was|-0.1392;college.|-0.1317;novice|0.1076;Tuesday|-0.0986;a|-0.0883;Eric|-0.0585;beaten|-0.0557;House|0.0535;a|-0.0445;Virginia|-0.0427;small|0.0368;by|0.0342;Cantor|-0.0270;professor|-0.0244;Leader|-0.0233;is|-0.0196;as|-0.0184;an|-0.0173
ee05c9b3-529c-4268-ad72-19bd34f7197e,3,0,daroberta,0.03536402491870551,political|0.1501;novice|0.1307;who|0.0943;Virginia|-0.0609;by|0.0585;Eric|-0.0539;college.|-0.0511;a|-0.0498;Tuesday|-0.0354;economics|-0.0285;beaten|0.0267;professor|-0.0254;night|0.0229;Cantor|-0.0202;at|-0.0198;a|0.0185;working|0.0150;House|0.0145;Majority|-0.0109;small|0.0062
1bb79cc1-5d69-4136-a23d-6dbd300cbf25,2,0,biasdetector,0.0164006223171066,WASHINGTON|-0.0909;political““|0.0813;Wednesday|-0.0696;emails|-0.0590;House|-0.0555;of|-0.0511;released|-0.0398;Sept.|-0.0361;White|-0.0350;the|0.0335;massive|0.0327;administrations|-0.0268;on|-0.0254;of|0.0236;there|-0.0231;that|-0.0229;development|-0.0228;The|-0.0216;cover””|0.0195;upof|0.0125
1bb79cc1-5d69-4136-a23d-6dbd300cbf25,2,0,daroberta,0.006768296039721829,"political““|0.0381;2012,|-0.0225;Benghazi,|-0.0190;massive|0.0185;Wednesday|-0.0184;WASHINGTON|-0.0174;S.|-0.0158;Libya,|-0.0149;cover””|0.0149;attack|0.0144;11,|-0.0136;released|-0.0132;development|-0.0132;upof|0.0103;on|0.0088;there.|0.0087;House|-0.0084;Obama’’|0.0078;on|-0.0068;of|-0.0067"
ad409798-ee94-4436-92c5-92669193be14,2,0,biasdetector,0.024295456307344754,"Saturday|-0.1303;said|-0.1107;BERKELEY|-0.0621;HEIGHTS,|-0.0599;unfairly|0.0505;on|-0.0387;media,|-0.0354;N.|-0.0317;J.|-0.0256;alliesaccounts|-0.0222;intervene|-0.0211;hinting|0.0193;down.|-0.0186;Trump|-0.0185;conservative|0.0180;that|-0.0161;might|-0.0144;his’’|-0.0142;social|-0.0107;being|-0.0106"
ad409798-ee94-4436-92c5-92669193be14,2,0,daroberta,0.007690393638424565,Saturday|-0.0526;said|-0.0328;Trump|-0.0184;on|-0.0157;President|-0.0123;hinting|0.0122;unfairly|0.0104;alliesaccounts|-0.0101;J.|-0.0096;conservative|0.0081;voices|0.0063;might|-0.0061;intervene|-0.0060;N.|-0.0058;were|0.0057;his’’|-0.0043;being|0.0042;if|-0.0035;down.|0.0027;censored|0.0026
70c75d68-bf65-46a6-a822-15c23d77a275,1,50,biasdetector,0.01821940260566249,"border.""|-0.1009;Sen.|-0.0572;have|-0.0505;Utah,|-0.0433;Mitt|-0.0345;said|-0.0317;Romney,|-0.0264;help|-0.0254;secure|-0.0251;proposal|-0.0207;reopen|-0.0174;reasonable,|-0.0163;will|-0.0144;R|-0.0137;views|-0.0129;a|-0.0114;faith|0.0106;put|-0.0099;the|0.0093;and|-0.0093"
70c75d68-bf65-46a6-a822-15c23d77a275,1,50,daroberta,0.006530726214158406,"Utah,|-0.0373;Romney,|-0.0231;reasonable,|0.0179;whose|-0.0172;said|-0.0165;Sen.|-0.0147;have|-0.0089;Mitt|-0.0077;put|-0.0072;R|-0.0072;views|-0.0064;forth|0.0055;that|0.0054;fluctuated,|0.0053;president|-0.0051;faith|0.0043;proposal|0.0043;good|0.0040;and|0.0040;a|0.0037"
7f9c83f7-3efa-4c7a-adef-3ebdeda96042,1,1,biasdetector,0.01503733537699898,"said|-0.0836;Wednesday,|-0.0537;that|-0.0377;Republican,|-0.0366;Manhattan|-0.0356;Florida|-0.0303;Council|-0.0294;Obama’’|0.0271;he|-0.0264;what|-0.0246;The|0.0240;United|-0.0197;the|-0.0171;on|-0.0167;Foreign|-0.0154;delivered|-0.0145;overseas.|-0.0135;the|0.0134;overly|0.0134;in|-0.0127"
7f9c83f7-3efa-4c7a-adef-3ebdeda96042,1,1,daroberta,0.007230615755111945,"overly|0.0453;Florida|-0.0204;overseas.|0.0170;delivered|-0.0170;Wednesday,|-0.0165;administrations|0.0142;Republican,|-0.0137;Obama’’|0.0134;The|-0.0131;who|-0.0123;said|-0.0108;that|-0.0100;the|-0.0089;at|-0.0088;Council|-0.0083;on|-0.0077;Manhattan|-0.0069;cautious|0.0065;Relations|-0.0061;depicted|0.0059"
79bf99c6-6fca-4ce4-8ae1-8771de026142,2,3,biasdetector,0.050008568453550756,"thirds|-0.1581;It’’s|0.1135;barely)|0.1077;majority|-0.1054;decisive|-0.0765;Pelosi|-0.0618;win,|-0.0521;had.|-0.0375;it(|0.0347;predicted|-0.0345;and|0.0250;a|-0.0220;two|-0.0184;support|0.0175;that|0.0175;clears|-0.0100;the|0.0055;she|-0.0026"
79bf99c6-6fca-4ce4-8ae1-8771de026142,2,3,daroberta,0.03314685913760009,"barely)|0.1537;it(|0.0857;thirds|-0.0794;majority|-0.0754;predicted|-0.0318;It’’s|0.0304;win,|-0.0285;the|-0.0173;that|0.0166;had.|-0.0160;support|-0.0134;two|-0.0129;clears|-0.0112;a|-0.0087;Pelosi|-0.0086;and|0.0035;she|0.0031;decisive|-0.0007"
be026bd1-52b1-4789-bfd3-3632af17b054,2,19,biasdetector,0.018473418912000317,"said:““|-0.0880;election.””|-0.0762;Colo.,|-0.0577;Sen.|-0.0536;Gardner,|-0.0454;campaign|-0.0431;troublingand|-0.0420;Senate|-0.0315;the|-0.0314;deeply””|-0.0255;Cory|-0.0242;head|-0.0184;allegations““|-0.0167;these|-0.0147;the|0.0144;found|-0.0106;Senate|-0.0103;GOP|-0.0098;to|-0.0085;R|-0.0082"
be026bd1-52b1-4789-bfd3-3632af17b054,2,19,daroberta,0.005303617112639394,"said:““|-0.0428;Colo.,|-0.0186;allegations““|0.0182;troublingand|-0.0148;Gardner,|-0.0127;the|-0.0099;Sen.|-0.0086;election.””|0.0064;called|0.0058;head|-0.0050;Alabama|-0.0044;special|-0.0042;Senate|-0.0042;Cory|-0.0037;the|-0.0036;Roy|-0.0035;Moore|-0.0035;arm,|-0.0032;must|-0.0031;drop|-0.0031"
9879bbc0-eab3-482f-bf6b-a4b519393986,3,35,biasdetector,0.020564659907901735,"failed|0.0862;Tennessee,|-0.0619;Republican,|-0.0537;members,|-0.0522;issues.|-0.0513;Department|-0.0478;one|-0.0431;a|-0.0342;committee|-0.0300;Corker|-0.0261;In|-0.0248;of|-0.0245;of|-0.0237;that|-0.0229;panel|-0.0219;complained|-0.0212;Bob|-0.0194;Mr.|-0.0187;Senator|-0.0175;its|-0.0164"
9879bbc0-eab3-482f-bf6b-a4b519393986,3,35,daroberta,0.004229942765558095,"Tennessee,|-0.0285;Republican,|-0.0146;Kerry|-0.0106;by|-0.0090;Mr.|-0.0089;issues.|-0.0078;Corker|-0.0070;of|-0.0070;led|-0.0062;of|0.0060;one|-0.0059;In|-0.0051;proper|0.0044;members,|-0.0043;oversight|0.0041;Senator|-0.0035;Bob|-0.0035;to|0.0032;conduct|0.0032;committee|-0.0030"
005a2961-0c2e-4575-8eec-770ba52a08e0,3,4,biasdetector,0.022177797890654154,"percent).””|-0.0663;notes,““|-0.0641;percent),|-0.0472;percent),|-0.0351;finishes|-0.0343;supporters(|-0.0332;first|-0.0313;followed|-0.0267;by|-0.0264;percent)|-0.0249;NBC|-0.0234;percent),|-0.0232;Strikingly,|-0.0229;Palin(|-0.0199;Party|-0.0182;17|-0.0169;Gingrich(|-0.0165;Trump...|0.0149;9|-0.0133;at|-0.0131"
005a2961-0c2e-4575-8eec-770ba52a08e0,3,4,daroberta,0.011193464927726073,"Strikingly,|0.0969;percent).””|0.0328;notes,““|0.0299;Romney(|-0.0199;percent),|-0.0192;percent),|-0.0145;followed|-0.0132;percent),|-0.0125;Palin(|-0.0092;finishes|-0.0088;17|-0.0086;by|-0.0066;percent)|-0.0056;14|-0.0055;first|-0.0042;at|-0.0040;20|-0.0040;supporters(|-0.0039;9|0.0038;and|-0.0036"
f688c56d-7fae-42ef-b7f7-7db207b58d27,3,0,biasdetector,0.015320641550584657,said’’|-0.1650;S.|-0.0674;hes|-0.0421;considering|-0.0391;U.|-0.0361;citizenship|-0.0327;for|-0.0312;right|-0.0233;Amendment|-0.0202;to|-0.0157;executive|-0.0150;President|-0.0144;who’’|0.0142;14th|-0.0131;enshrined|-0.0120;in|-0.0108;the|-0.0108;that|-0.0098;an|-0.0086;babies|-0.0077
f688c56d-7fae-42ef-b7f7-7db207b58d27,3,0,daroberta,0.004814869590119982,S.|-0.0284;Trump|-0.0213;considering|-0.0135;hes|-0.0135;who’’|0.0120;U.|-0.0102;for|-0.0093;President|-0.0092;citizenship|-0.0085;amendment.|0.0081;Donald|-0.0073;to|-0.0072;right|-0.0070;an|-0.0049;born|-0.0045;executive|-0.0043;in|-0.0043;the|-0.0043;a|-0.0036;right|-0.0019
b5eefefb-2a33-45de-abe1-f855c94165f4,3,17,biasdetector,0.03205805732634549,"said|-0.1146;grants,””|-0.0923;Ryan|-0.0786;occasions,|-0.0600;““On|-0.0560;stiffly.|-0.0300;applying|-0.0245;were|-0.0210;Mr.|-0.0173;for|-0.0161;for|-0.0131;two|-0.0115;constituents|-0.0110;we|-0.0081;we|-0.0081;we|-0.0074;advocated|-0.0040;who|0.0034"
b5eefefb-2a33-45de-abe1-f855c94165f4,3,17,daroberta,0.012785859043813415,"stiffly.|0.0594;grants,””|-0.0302;““On|-0.0214;were|-0.0168;said|-0.0144;who|-0.0127;Ryan|-0.0123;applying|-0.0108;for|-0.0108;for|-0.0105;two|-0.0095;Mr.|0.0070;we|0.0048;we|-0.0033;constituents|0.0023;advocated|-0.0019;occasions,|0.0016;we|-0.0004"
c9e4d35f-aeae-462b-a8bf-e08d09a93b6e,2,6,biasdetector,0.04917517787544057,vigorously|0.2076;lawyers|-0.1203;Both|-0.0963;Trump|0.0886;counsels|-0.0766;office|-0.0505;in.|-0.0501;even|0.0476;Mr.|-0.0474;the|-0.0379;weighed|-0.0357;special’’|-0.0306;White|-0.0293;House|0.0250;and|-0.0248;report|-0.0244;for|-0.0228;the|-0.0226;BuzzFeed|0.0171;denied|0.0165
c9e4d35f-aeae-462b-a8bf-e08d09a93b6e,2,6,daroberta,0.03750814505725761,vigorously|0.1971;denied|0.1414;counsels|-0.0511;Trump|0.0509;even|0.0501;in.|-0.0453;Mr.|-0.0445;and|-0.0398;House|-0.0340;Both|-0.0309;lawyers|-0.0294;the|0.0148;the|0.0141;before|0.0136;special’’|0.0126;BuzzFeed|0.0122;the|-0.0114;office|-0.0079;weighed|-0.0079;report|0.0075
2058ec60-5372-4f5f-83a3-da780be3a350,1,11,biasdetector,0.05337958645395702,calls|-0.2056;Mart|-0.0643;evidence|-0.0561;that|0.0534;unreliable.|-0.0185;Wal|-0.0174;and|-0.0106;unrepresentative|0.0012
2058ec60-5372-4f5f-83a3-da780be3a350,1,11,daroberta,0.08335385867394507,unreliable.|0.2319;calls|-0.1085;Mart|-0.1023;Wal|-0.0785;unrepresentative|-0.0460;and|0.0457;evidence|-0.0397;that|-0.0143
8dac6c12-b5ca-468c-a249-7e0ab42f6b52,2,1,biasdetector,0.01670154425883564,Friday|-0.1019;Mrs.|-0.0911;first|-0.0567;on|-0.0377;In|-0.0310;her|-0.0285;deal|-0.0283;out|-0.0269;trade|-0.0267;Clinton|-0.0241;Obama|0.0217;Mr.|-0.0209;laid|-0.0159;more|0.0139;negotiate|-0.0138;far|0.0135;position|-0.0134;on|-0.0130;the|-0.0121;since|-0.0118
8dac6c12-b5ca-468c-a249-7e0ab42f6b52,2,1,daroberta,0.0047797424771332956,"first|-0.0371;Friday|-0.0209;deal|-0.0149;trade|-0.0119;detailed|0.0093;her|-0.0084;In|-0.0080;far|0.0061;more|0.0061;House|-0.0060;Obama|-0.0054;Mrs.|-0.0053;freely,|-0.0049;the|0.0046;comments|0.0042;calibrated|0.0039;position|0.0039;on|-0.0037;to|-0.0037;of|-0.0037"
b764f81f-6d08-4d7c-b1a8-8961bed0a455,3,26,biasdetector,0.04937949586558346,"applauded|0.1300;Oklahoma.|-0.1156;Sabet,|-0.1126;action|-0.0915;Marijuana,|-0.0742;president|-0.0704;Nebraska|-0.0648;group|-0.0623;Approaches|-0.0481;Kevin|-0.0424;legalization|-0.0308;to|0.0139;Smart|-0.0095;anti|0.0078;of|0.0075;by|0.0045;the|0.0022;and|0.0008"
b764f81f-6d08-4d7c-b1a8-8961bed0a455,3,26,daroberta,0.021501210776235288,"group|-0.0673;Sabet,|-0.0512;president|-0.0452;anti|0.0383;Marijuana,|-0.0317;applauded|0.0260;Oklahoma.|-0.0233;legalization|-0.0228;Smart|-0.0173;Nebraska|-0.0172;of|0.0124;the|0.0094;Approaches|-0.0073;Kevin|-0.0071;and|0.0057;to|0.0033;action|-0.0013;by|0.0001"
ad409798-ee94-4436-92c5-92669193be14,2,16,biasdetector,0.022178075701549744,"Saturday,|-0.1234;removed.””|-0.0900;bad,””|-0.0513;saying|-0.0479;that|-0.0453;Trump|-0.0385;urged|-0.0377;news,””|-0.0333;sick|0.0288;not““|-0.0272;Mr.|0.0251;their|0.0242;participate,|-0.0226;on|-0.0225;to““|-0.0175;social|-0.0173;media|-0.0173;while|-0.0150;networks|-0.0150;tweets|-0.0148"
ad409798-ee94-4436-92c5-92669193be14,2,16,daroberta,0.012780868370310557,"Mr.|0.0535;sick|0.0428;urged|-0.0395;Saturday,|-0.0298;their|0.0271;Trump|-0.0258;behavior|0.0257;be““|0.0254;news,””|0.0235;tweets|0.0223;removed.””|0.0219;that|-0.0215;saying|-0.0204;MSNBC|0.0160;that|0.0151;In|-0.0139;not““|-0.0132;fake|0.0084;his|-0.0060;to““|-0.0060"
65cb14cb-2d27-41e5-a2be-6fd6314f4363,1,6,biasdetector,0.07222738527119733,““I’’|-0.3583;help|0.1064;cant|0.1058;line.|-0.0982;that|-0.0797;the|0.0586;over|0.0435;well|-0.0259;remarks|-0.0198;those|-0.0145;are|0.0145;but|-0.0085;think|0.0052
65cb14cb-2d27-41e5-a2be-6fd6314f4363,1,6,daroberta,0.027393301158474808,““I’’|-0.0749;line.|-0.0676;the|0.0368;that|0.0357;but|-0.0355;over|0.0247;remarks|0.0195;think|0.0171;those|0.0140;well|-0.0119;cant|0.0097;help|0.0051;are|0.0035
1bb79cc1-5d69-4136-a23d-6dbd300cbf25,3,23,biasdetector,0.01375932105059878,"former|-0.0613;anonymity,|-0.0560;department,|-0.0444;reviewed|-0.0340;respond|-0.0324;told|-0.0322;year|-0.0322;veteran|-0.0322;the|-0.0278;requests|-0.0276;a|-0.0247;documents|-0.0229;to|-0.0217;available|-0.0216;security|-0.0211;20|-0.0207;who|-0.0206;argument|0.0189;of|-0.0179;the|-0.0179"
1bb79cc1-5d69-4136-a23d-6dbd300cbf25,3,23,daroberta,0.006633428945857298,"anonymity,|-0.0478;former|-0.0406;diplomatic|0.0282;While|0.0214;department,|-0.0166;reviewed|-0.0140;who|-0.0132;failure|0.0128;a|-0.0114;on|-0.0112;the|-0.0112;negligent.|0.0100;available|-0.0094;documents|-0.0094;told|-0.0086;year|-0.0084;veteran|-0.0084;20|-0.0083;'s|0.0075;was|0.0065"
1bb79cc1-5d69-4136-a23d-6dbd300cbf25,3,19,biasdetector,0.049594150771471585,"'t.""|-0.1172;Dempsey|-0.0981;she|-0.0811;said:""|-0.0718;I|-0.0588;myself|0.0331;didn|0.0288;would|-0.0201;surprised|0.0148;call|-0.0120;that|0.0098"
1bb79cc1-5d69-4136-a23d-6dbd300cbf25,3,19,daroberta,0.04557870099829002,"Dempsey|-0.1890;said:""|-0.1088;that|0.0850;'t.""|-0.0357;call|0.0247;she|0.0168;didn|0.0134;myself|0.0111;surprised|0.0098;would|-0.0045;I|0.0025"
f688c56d-7fae-42ef-b7f7-7db207b58d27,1,0,biasdetector,0.019369995650305564,"Wednesday|-0.1420;other,””|-0.0620;end““|-0.0380;condemnation|0.0364;considering|-0.0359;vowed|-0.0329;emerged|-0.0286;after|-0.0246;disagreement|-0.0245;it|-0.0244;Republicans|-0.0241;he|-0.0237;sparked|-0.0223;among|-0.0203;and|-0.0202;killing|0.0197;executive|-0.0158;day|-0.0148;Trump|-0.0140;citizenship|-0.0128"
f688c56d-7fae-42ef-b7f7-7db207b58d27,1,0,daroberta,0.005659183648716164,condemnation|0.0169;order--|-0.0136;Wednesday|-0.0130;day|-0.0114;vowed|0.0101;after|-0.0100;citizenship|-0.0097;a|-0.0093;it|-0.0083;that|-0.0079;a|-0.0073;President|-0.0073;among|-0.0072;Republicans|-0.0072;sparked|-0.0072;disagreement|-0.0072;and|-0.0067;development|-0.0066;executive|-0.0060;considering|-0.0059
576116e5-2b18-4d35-be73-36f5863c9468,2,0,biasdetector,0.02309825577724137,"Friday|-0.0961;powerful|0.0717;for|-0.0669;AARP,|-0.0549;lobby|0.0517;has|-0.0499;recipients.|-0.0410;Americans|-0.0394;on|-0.0392;WASHINGTON|-0.0351;benefit|-0.0333;as|-0.0240;one|-0.0225;Security|-0.0189;said|-0.0175;of|-0.0167;open|-0.0159;leading|-0.0156;to|-0.0156;the|-0.0156"
576116e5-2b18-4d35-be73-36f5863c9468,2,0,daroberta,0.006859677479232169,"AARP,|-0.0294;WASHINGTON|-0.0254;lobby|0.0145;to|-0.0132;for|-0.0128;Americans|-0.0125;benefit|-0.0123;reductions|-0.0107;Friday|-0.0104;has|-0.0102;it|-0.0096;the|0.0090;Security|-0.0090;seen|0.0084;open|-0.0083;been|0.0077;powerful|0.0059;on|-0.0058;in|-0.0056;cuts,|-0.0038"
d3a1ce0a-fc48-4827-a278-8f0ce8c7a519,2,30,biasdetector,0.03829613462949055,Frank|-0.0844;Wednesday.|-0.0635;praised|-0.0387;brief|-0.0357;statement|-0.0352;Cowan|-0.0245;in|0.0182;a|0.0063
d3a1ce0a-fc48-4827-a278-8f0ce8c7a519,2,30,daroberta,0.023233280415297486,Cowan|-0.0428;statement|-0.0411;Wednesday.|-0.0402;in|-0.0214;praised|0.0193;brief|-0.0163;a|-0.0034;Frank|-0.0015
8abec8d9-50a2-480e-969a-157f94954f4d,2,18,biasdetector,0.09465038566517511,desperate|0.3806;““It’’s|-0.3426;all.””|-0.1616;I’’|-0.1275;a|-0.0656;dont|-0.0478;at|0.0448;how|0.0399;see|-0.0352;move|0.0302;can|-0.0193;and|0.0142;work|-0.0127;it|0.0032
8abec8d9-50a2-480e-969a-157f94954f4d,2,18,daroberta,0.036991281341444575,desperate|0.1518;““It’’s|-0.0823;all.””|0.0504;at|0.0424;I’’|-0.0344;can|-0.0322;work|-0.0321;move|-0.0283;and|-0.0194;see|-0.0167;a|-0.0095;it|0.0084;dont|0.0064;how|0.0034
1b96a5db-8974-46d3-82d7-5dfef02f650e,3,3,biasdetector,0.04735145178238207,"concerns.|-0.1720;lawmakers|-0.1657;dismissed|-0.1120;badly|0.0935;ditch|0.0891;misguided,””|-0.0540;the|-0.0506;could|-0.0502;hurt|-0.0454;was““|-0.0433;legislation|-0.0412;Despite|0.0406;warnings|0.0364;the|0.0291;last|0.0168;from|0.0075;Obama|-0.0073;the|0.0071;administration|0.0070;national|-0.0057"
1b96a5db-8974-46d3-82d7-5dfef02f650e,3,3,daroberta,0.023620746613113964,"misguided,””|0.1110;concerns.|-0.0854;badly|0.0701;ditch|0.0418;Despite|0.0382;lawmakers|-0.0365;could|-0.0230;security|-0.0205;hurt|-0.0164;dismissed|-0.0164;Obama|-0.0152;and|-0.0106;the|-0.0102;legislation|-0.0102;that|-0.0068;warnings|0.0065;the|-0.0061;administration|0.0046;the|0.0044;last|0.0040"
2ec04201-2016-4227-baf7-ba8289058203,2,10,biasdetector,0.08580815517588665,raided|0.2893;Obamacare|0.2717;elections.|-0.1595;Republicans|-0.1463;2010|-0.1163;used|-0.0956;the|-0.0855;Medicare|0.0779;as|-0.0737;also|-0.0660;charge|-0.0654;congressional|-0.0454;primary|-0.0392;a|-0.0278;attack|-0.0246;that|0.0190;line|0.0140;the|-0.0123;in|-0.0010
2ec04201-2016-4227-baf7-ba8289058203,2,10,daroberta,0.04298952425290879,raided|0.1737;elections.|-0.1164;attack|0.0747;2010|-0.0738;charge|-0.0543;congressional|-0.0494;as|0.0402;Obamacare|0.0393;also|-0.0366;Republicans|0.0345;line|0.0273;in|-0.0252;Medicare|0.0194;used|0.0153;primary|-0.0127;a|0.0095;the|0.0060;the|0.0051;that|-0.0032
86e6e27d-1440-4879-8b13-0dd2d89f7281,1,9,biasdetector,0.013889666419566045,"today,””|-0.1024;““We|-0.0944;told|-0.0708;Friday|-0.0623;he|-0.0539;government,|-0.0271;Garden,|-0.0264;to|-0.0247;negotiate|-0.0203;meeting|-0.0188;an|-0.0185;earlier|-0.0177;threatened|0.0175;if|0.0166;border.|-0.0152;end|-0.0146;exchange|-0.0139;reporters|-0.0138;during|-0.0121;to|-0.0120"
86e6e27d-1440-4879-8b13-0dd2d89f7281,1,9,daroberta,0.004285514037709238,"told|-0.0186;Friday|-0.0139;Mr.|0.0124;to|-0.0122;he|-0.0121;Garden,|-0.0119;reporters|-0.0118;border.|0.0107;today,””|-0.0106;meeting|-0.0102;a|-0.0092;earlier|-0.0084;during|-0.0078;which|0.0072;government,|-0.0070;threatened|0.0062;negotiate|-0.0054;an|-0.0054;““We|-0.0042;southern|0.0041"
be026bd1-52b1-4789-bfd3-3632af17b054,3,0,biasdetector,0.03305076157179233,"staunchly|0.2743;Alabama|-0.1023;had|-0.0623;a|-0.0463;after|-0.0458;Moore,|-0.0454;he|-0.0414;their’’|0.0403;partys|0.0390;defended|0.0378;made|-0.0350;sexual|-0.0328;four|-0.0300;teenage|-0.0300;report|-0.0251;S.|-0.0246;that|-0.0217;nominee,|-0.0195;advances|-0.0181;toward|-0.0181"
be026bd1-52b1-4789-bfd3-3632af17b054,3,0,daroberta,0.018393399013023424,"staunchly|0.2434;Alabama|-0.0915;their’’|0.0199;defended|0.0181;partys|0.0175;that|-0.0168;report|-0.0151;Moore,|-0.0140;a|-0.0129;after|-0.0095;sexual|0.0094;advances|-0.0089;toward|-0.0089;made|0.0089;Senate|-0.0082;S.|0.0077;teenage|-0.0076;Republican|0.0073;four|-0.0071;he|0.0067"
38f7cbb7-5d6a-4c89-bcbd-8e164144172a,2,2,biasdetector,0.021760473202882914,"Sestak,|-0.0818;said|-0.0730;report|-0.0612;dangled|0.0517;Batting|-0.0422;Sestak|-0.0391;executive|-0.0375;position|-0.0328;positions|-0.0296;uncompensated.|-0.0280;down|-0.0266;boards|-0.0233;advisory|-0.0228;branch|-0.0228;on|-0.0155;the|-0.0155;in|-0.0133;White|-0.0128;House|-0.0118;the|-0.0109"
38f7cbb7-5d6a-4c89-bcbd-8e164144172a,2,2,daroberta,0.013467006855355346,report|-0.0565;allegations|0.0459;dangled|0.0459;said|-0.0350;Sestak|-0.0294;uncompensated.|0.0233;that|0.0187;that|0.0173;of|0.0145;were|0.0122;the|0.0113;branch|-0.0104;the|0.0102;positions|-0.0099;that|0.0098;down|0.0092;Batting|-0.0086;front|0.0078;on|-0.0075;advisory|-0.0072
29ffd053-7684-469b-a600-97000579bd01,3,10,biasdetector,0.03368091383281474,"distance|-0.0840;rising|-0.0752;Ryan,|-0.0711;among|-0.0648;Mr.|0.0518;budget|-0.0491;conservatives,|0.0466;has|-0.0431;Party.|-0.0405;given|-0.0390;to|-0.0369;by|-0.0341;Catholic|-0.0329;authored|-0.0318;opportunity|0.0224;The|-0.0221;the|0.0210;Republican|-0.0176;a|-0.0154;church|-0.0143"
29ffd053-7684-469b-a600-97000579bd01,3,10,daroberta,0.011880313836658994,"Ryan,|-0.0426;distance|-0.0337;has|-0.0333;Catholic|-0.0322;to|-0.0178;church|0.0172;Mr.|0.0156;the|0.0138;budget|-0.0122;Republican|0.0101;conservatives,|-0.0088;an|-0.0070;by|-0.0057;rising|-0.0055;star|0.0054;among|0.0054;leaders|-0.0053;the|0.0052;a|-0.0045;opportunity|-0.0044"
e71d149d-0426-43f0-87e8-8c611dad7205,2,14,biasdetector,0.014693139892255217,"““Attorney|-0.1512;said.|-0.0813;public,””|-0.0634;statement|-0.0480;previewof|-0.0359;joint|-0.0283;findings|-0.0213;not|-0.0198;or|-0.0160;sneak’’|0.0155;findings|-0.0154;not|-0.0141;staff|-0.0132;of|-0.0131;those|-0.0131;General|-0.0130;Counsel’’|-0.0128;give|0.0113;decisions|-0.0106;be|-0.0105"
e71d149d-0426-43f0-87e8-8c611dad7205,2,14,daroberta,0.0044778327435103325,"said.|-0.0276;““Attorney|-0.0272;any‘‘|0.0200;must|-0.0155;sneak’’|0.0151;public,””|0.0130;not|-0.0120;statement|-0.0099;Counsel’’|0.0069;Trump,|-0.0066;findings|-0.0059;Muellers|0.0056;President|-0.0040;his|0.0038;joint|-0.0035;give|-0.0033;or|0.0032;Barr|-0.0029;General|-0.0026;staff|0.0025"
7f9c83f7-3efa-4c7a-adef-3ebdeda96042,1,21,biasdetector,0.04541010562198884,"hawkish|0.1679;campaign.|-0.1372;his|-0.1134;often|-0.1083;Senate,|-0.0721;has|-0.0719;in|-0.0483;Rubio’’s|-0.0454;and|0.0363;service|0.0361;a|-0.0333;in|-0.0299;been|-0.0243;now|-0.0224;agenda|0.0212;approach|-0.0201;in|-0.0143;foreign|-0.0106;policy|0.0103;his|-0.0098"
7f9c83f7-3efa-4c7a-adef-3ebdeda96042,1,21,daroberta,0.026043021526789265,"hawkish|0.1496;Rubio’’s|0.0616;often|-0.0546;Senate,|-0.0463;and|0.0404;approach|-0.0375;a|-0.0358;in|-0.0358;has|-0.0288;service|0.0202;agenda|0.0177;of|0.0110;hallmark|0.0109;campaign.|0.0091;foreign|0.0078;policy|0.0062;his|-0.0056;been|-0.0054;now|0.0039;in|0.0039"
9879bbc0-eab3-482f-bf6b-a4b519393986,1,24,biasdetector,0.03679740748659242,"said""|-0.1933;Rep.|-0.1491;Calif.,|-0.1077;But|0.0669;Rohrabacher,|-0.0653;or|-0.0203;R|-0.0192;this|-0.0192;that|-0.0183;base,|0.0166;is|0.0137;off|0.0106;political.""|-0.0104;suggestion|-0.0102;Dana|-0.0061;is|0.0034;any|0.0030;issue|-0.0019;a|-0.0007;budget|-0.0000"
9879bbc0-eab3-482f-bf6b-a4b519393986,1,24,daroberta,0.025162965755444022,"Calif.,|-0.1260;said""|-0.0897;base,|0.0575;any|0.0273;But|0.0249;off|0.0215;political.""|0.0213;R|-0.0185;Rohrabacher,|-0.0156;that|0.0148;this|0.0146;suggestion|0.0134;Dana|-0.0112;Rep.|-0.0110;is|0.0104;or|0.0078;a|0.0067;budget|-0.0047;is|0.0038;issue|-0.0026"
c21cb217-3e2c-49bd-884d-5c74a165ef10,2,2,biasdetector,0.05417030845807556,"allege|0.2079;continued|0.1677;incident|-0.1324;described|-0.1119;to|-0.0682;victim|-0.0682;as""|-0.0668;mischief,""|0.0462;the|0.0368;congressman,|-0.0320;he|-0.0311;was|-0.0278;who|-0.0267;the|-0.0186;that|-0.0150;hacker.|0.0091;of|0.0070;The|-0.0042;a|-0.0029;computer|-0.0029"
c21cb217-3e2c-49bd-884d-5c74a165ef10,2,2,daroberta,0.03845242108606423,"allege|0.1406;continued|0.1265;hacker.|0.0914;described|-0.0759;congressman,|-0.0596;who|-0.0562;of|0.0339;that|0.0305;to|-0.0299;incident|-0.0257;The|-0.0161;the|0.0133;a|0.0127;as""|-0.0124;he|0.0124;the|-0.0101;was|-0.0072;computer|0.0062;victim|0.0061;mischief,""|-0.0025"
f688c56d-7fae-42ef-b7f7-7db207b58d27,2,28,biasdetector,0.04011340357599582,"Clarke,|-0.1218;illegal|0.0974;the|-0.0858;Krist|-0.0677;Rights|-0.0619;LawyersCommittee|-0.0547;en|-0.0541;president|-0.0466;executive|-0.0450;Law,|-0.0445;director|-0.0420;offensive.|0.0244;called|-0.0226;Civil|-0.0186;the|0.0176;Under|-0.0164;and|-0.0146;the’’|-0.0145;and|-0.0120;idea|0.0113"
f688c56d-7fae-42ef-b7f7-7db207b58d27,2,28,daroberta,0.029505241626986502,"offensive.|0.1162;Clarke,|-0.0733;illegal|0.0697;director|-0.0533;Law,|-0.0474;executive|-0.0439;LawyersCommittee|-0.0411;called|0.0275;Krist|-0.0260;en|-0.0238;and|0.0195;Civil|-0.0176;of|-0.0154;the’’|-0.0151;Under|-0.0148;president|-0.0141;Rights|-0.0099;the|0.0071;for|-0.0070;and|-0.0033"
ad409798-ee94-4436-92c5-92669193be14,1,6,biasdetector,0.015664231720108283,"Twitter.|-0.0708;Chairwoman|-0.0542;have|-0.0486;complained|-0.0354;issue,|-0.0352;escalated|-0.0323;Ronna|-0.0322;the|-0.0313;conservatives|0.0278;reported|-0.0239;limited|-0.0228;month|-0.0226;discrimination|-0.0209;While|-0.0208;for|-0.0202;accounts|-0.0178;given|-0.0178;from|-0.0148;say|-0.0147;last|-0.0137"
ad409798-ee94-4436-92c5-92669193be14,1,6,daroberta,0.01152577837029301,"While|0.0559;giants,|0.0443;reported|-0.0423;issue,|-0.0375;the|0.0220;the|-0.0179;say|-0.0165;years|0.0164;conservatives|0.0142;discrimination|-0.0140;from|-0.0138;accounts|-0.0137;saying|-0.0137;News|0.0132;Chairwoman|-0.0125;that|-0.0110;by|-0.0104;controversy|0.0103;including|-0.0091;GOP|-0.0091"
74708dbf-5dfc-4c66-8419-d7dbc00e4a06,1,0,biasdetector,0.028094297744972553,the|0.1244;onslaught|0.1065;for|-0.0968;disregard|0.0807;Monday|-0.0780;criticism|-0.0754;of|-0.0687;will|0.0645;step|-0.0368;to|-0.0335;control|0.0294;battle|-0.0284;Committee|-0.0266;down|-0.0265;and|-0.0259;of|-0.0217;take|-0.0215;term.|-0.0212;his|-0.0211;Steele|-0.0209
74708dbf-5dfc-4c66-8419-d7dbc00e4a06,1,0,daroberta,0.010786182486125208,the|0.0606;onslaught|0.0501;Monday|-0.0363;for|-0.0273;Steele|-0.0272;step|-0.0217;Michael|-0.0171;term.|0.0170;and|0.0151;whether|0.0149;chairman|-0.0140;announces|0.0132;to|-0.0123;battle|-0.0113;about|0.0111;the|0.0111;or|0.0109;National|-0.0108;party|-0.0104;his|0.0099
87609973-bd58-42a5-96e2-ee5aa47433f5,2,1,biasdetector,0.022160007747939067,"Tuesday,|-0.2388;Crooked””|0.0733;year|-0.0544;WASHINGTON|-0.0433;first““|0.0395;deep|0.0281;HillaryTwitter|-0.0275;state.””|-0.0260;a““|0.0258;48|-0.0257;than|-0.0197;on|-0.0194;less|0.0193;calling|0.0181;his|0.0181;Justice|0.0165;own|0.0160;post|0.0147;Department|0.0138;protocols,””|-0.0118"
87609973-bd58-42a5-96e2-ee5aa47433f5,2,1,daroberta,0.02600574759603812,"Tuesday,|-0.1807;Crooked””|0.1239;state.””|0.0952;of““|0.0714;a““|0.0617;WASHINGTON|-0.0530;protocols,””|0.0470;HillaryTwitter|0.0390;aide|0.0282;year|-0.0258;disregarding|0.0224;calling|0.0207;his|0.0204;and|0.0194;own|0.0179;48|-0.0175;deep|0.0169;President|-0.0167;Justice|0.0156;than|-0.0149"
70c744ad-e950-445c-8a7a-0782b0a7d20b,3,1,biasdetector,0.024574877598742717,"decision,|-0.0709;Supreme’’|0.0469;U.|-0.0467;Courts|-0.0455;ruling|-0.0455;bisexual|-0.0439;progress|0.0415;S.|-0.0401;The|-0.0381;community.|-0.0350;prompted|-0.0341;marks|-0.0334;Act,|-0.0315;was|-0.0313;transgender|-0.0282;to|-0.0230;Defense|-0.0194;which|-0.0178;Marriage|-0.0164;by|-0.0150"
70c744ad-e950-445c-8a7a-0782b0a7d20b,3,1,daroberta,0.006529040886475015,"Act,|-0.0272;Courts|-0.0204;to|-0.0192;The|-0.0148;decision,|-0.0128;was|-0.0113;S.|-0.0110;U.|-0.0086;which|-0.0076;marks|-0.0069;prompted|-0.0068;Supreme’’|0.0067;gay,|-0.0053;the|-0.0048;the|0.0045;the|-0.0045;lesbian,|0.0042;ruling|-0.0039;political|-0.0037;progress|0.0037"
2ec04201-2016-4227-baf7-ba8289058203,1,29,biasdetector,0.05640803331988393,Tuesday|-0.1607;2010|-0.1520;campaign|-0.1477;squeezed|0.1124;restore|-0.0990;money|0.0906;Romney|0.0772;health|-0.0725;would|-0.0555;Romney|0.0552;said|-0.0417;the|-0.0407;Medicare|-0.0378;law.|-0.0266;Mr.|-0.0232;of|-0.0221;But|0.0201;being|-0.0176;that|0.0169;the|-0.0134
2ec04201-2016-4227-baf7-ba8289058203,1,29,daroberta,0.04192635621808038,campaign|-0.1579;Tuesday|-0.1247;squeezed|0.1130;But|0.0917;the|0.0719;2010|-0.0642;said|-0.0527;money|0.0292;health|-0.0292;that|0.0286;restore|-0.0262;would|-0.0241;law.|0.0238;being|-0.0229;the|-0.0228;Medicare|-0.0214;out|0.0197;Romney|-0.0138;Mr.|0.0079;the|0.0072
b5eefefb-2a33-45de-abe1-f855c94165f4,2,33,biasdetector,0.09579828158409025,Miller|-0.2901;unhinged.””|0.1824;spokesman|-0.1817;called|0.0857;Committee|-0.0419;Republican|-0.0309;Biden““|0.0263;Tim|-0.0224;National|0.0008
b5eefefb-2a33-45de-abe1-f855c94165f4,2,33,daroberta,0.12791921629104763,unhinged.””|0.3901;Miller|-0.2863;called|0.1109;spokesman|-0.1024;Committee|-0.0773;Tim|-0.0612;Biden““|0.0568;National|-0.0476;Republican|-0.0186
450755dd-30d3-478b-933e-917be5c384ba,3,3,biasdetector,0.04386738606373824,"““I|-0.1562;marriage),””|-0.1530;wolfing|0.0859;Fields|-0.0846;Chauncy|-0.0814;told|-0.0527;after|-0.0514;and|-0.0482;Bible|-0.0430;says(|-0.0276;down|0.0213;believe|0.0187;breakfast|-0.0162;us|-0.0144;what|0.0142;chicken|-0.0140;about|-0.0128;of|0.0114;a|0.0110;biscuits.|-0.0031"
450755dd-30d3-478b-933e-917be5c384ba,3,3,daroberta,0.023405091800213124,"wolfing|0.0800;after|-0.0793;Fields|-0.0507;marriage),””|-0.0488;of|0.0384;Chauncy|-0.0213;believe|0.0206;about|0.0183;says(|-0.0167;““I|-0.0166;down|0.0158;chicken|0.0157;us|-0.0145;what|0.0142;told|-0.0115;and|-0.0112;biscuits.|-0.0098;the|0.0041;a|-0.0022;breakfast|0.0015"
8abec8d9-50a2-480e-969a-157f94954f4d,3,11,biasdetector,0.03887397738262612,He|-0.1608;he|-0.1487;desperatestrategy|0.1019;him.|-0.0983;only|0.0872;part|-0.0864;Trump|0.0823;as|-0.0803;that|0.0518;terms|-0.0472;urged|-0.0392;poll|-0.0284;suggested|0.0253;numbers|-0.0241;Mr.|0.0231;a““””|-0.0213;Americans|0.0173;and|-0.0122;was|0.0118;sagging|0.0098
8abec8d9-50a2-480e-969a-157f94954f4d,3,11,daroberta,0.0165300890274014,Trump|0.0551;a““””|0.0510;He|-0.0424;desperatestrategy|0.0423;part|-0.0375;he|-0.0343;only|0.0334;Mr.|-0.0223;him.|-0.0208;urged|-0.0203;explicit|0.0193;was|0.0191;terms|-0.0146;sagging|0.0110;that|0.0104;and|-0.0087;coming|0.0087;his|0.0086;suggested|-0.0072;as|-0.0063
85475456-f38e-4c30-895d-ca2c819c6af1,3,7,biasdetector,0.023927712292743868,"took|-0.0813;records.""|-0.0753;1970|-0.0596;five|-0.0512;1965|-0.0410;obtained|-0.0395;enabled|-0.0318;steps|-0.0223;war,|-0.0223;to|-0.0212;ments|-0.0198;military|-0.0198;at|-0.0181;according|-0.0178;to|-0.0175;him|0.0174;going|-0.0172;avoid|-0.0138;from|-0.0126;and|-0.0122"
85475456-f38e-4c30-895d-ca2c819c6af1,3,7,daroberta,0.013232678293112525,"took|-0.0363;repeated|0.0292;obtained|-0.0271;according|-0.0264;steps|-0.0213;five|-0.0207;at|-0.0200;enabled|0.0195;He|-0.0192;war,|-0.0180;1970|-0.0160;him|0.0141;avoid|-0.0138;defer|0.0131;military|-0.0118;1965|-0.0113;to|-0.0073;from|-0.0072;to|-0.0044;that|-0.0037"
df5fe55a-dfcb-4817-8631-830f47c21a72,2,15,biasdetector,0.01714856083441175,"are|-0.0835;McDermott|-0.0660;Fazio|-0.0562;Peter|-0.0445;Reps.|-0.0382;Oregon,|-0.0358;to|-0.0307;letter|-0.0293;Washington|-0.0240;Jay|-0.0215;De|-0.0173;crafting|-0.0151;a|-0.0151;and|-0.0146;Jim|-0.0133;light|0.0131;of|0.0131;share|-0.0121;with|-0.0121;Inslee|-0.0119"
df5fe55a-dfcb-4817-8631-830f47c21a72,2,15,daroberta,0.004974265099785681,"are|-0.0286;Oregon,|-0.0266;Reps.|-0.0134;Fazio|-0.0132;McDermott|-0.0110;day.|0.0093;state|-0.0088;and|-0.0080;of|-0.0047;share|-0.0045;with|-0.0045;and|-0.0044;of|-0.0043;Washington|-0.0043;Peter|-0.0042;Inslee|-0.0039;a|-0.0036;letter|-0.0035;the|-0.0034;House|-0.0034"
7f9c83f7-3efa-4c7a-adef-3ebdeda96042,2,8,biasdetector,0.06125883615386556,"offer|-0.1901;countrys|-0.1760;will|-0.1494;And,|0.1294;broader|-0.0796;greater|0.0559;role|-0.0528;world.|0.0272;his|0.0266;of|-0.0202;vision|-0.0201;the’’|0.0197;Mr.|-0.0181;Rubio|-0.0100;the|-0.0029;in|-0.0021"
7f9c83f7-3efa-4c7a-adef-3ebdeda96042,2,8,daroberta,0.04222305145134062,"And,|0.2010;countrys|-0.1858;Mr.|-0.0873;the’’|0.0505;will|-0.0411;offer|-0.0406;of|0.0128;role|-0.0120;world.|0.0104;greater|-0.0104;Rubio|-0.0072;his|-0.0058;in|0.0038;the|-0.0031;vision|-0.0028;broader|0.0009"
2ec04201-2016-4227-baf7-ba8289058203,3,21,biasdetector,0.04901316267205402,"spokeswoman|-0.1757;dishonest|0.1721;campaign|-0.1427;Medicare.|-0.0962;described|-0.0876;new|0.0723;considering’’|0.0699;Smith|-0.0668;the|-0.0611;Lis|-0.0303;proposals|0.0269;Romney|0.0251;Ryans|0.0234;Ryan|-0.0229;and|-0.0229;Obama|0.0198;hypocritical,””|-0.0183;ad|0.0110;subject|-0.0085;own|0.0082"
2ec04201-2016-4227-baf7-ba8289058203,3,21,daroberta,0.023746173398501564,"dishonest|0.1075;hypocritical,””|0.0988;spokeswoman|-0.0561;new|0.0433;described|-0.0348;campaign|-0.0322;Smith|-0.0248;ad|0.0237;Lis|-0.0211;as““|0.0195;subject|-0.0168;the|-0.0157;and|-0.0147;considering’’|0.0140;Ryan|-0.0097;on|0.0081;the|0.0074;Romney|0.0073;own|0.0050;Ryans|-0.0041"
29ffd053-7684-469b-a600-97000579bd01,3,2,biasdetector,0.022555466903690504,"2001.|-0.0970;11,|-0.0795;Lecture,|-0.0782;ton|-0.0580;Sept.|-0.0534;airplane|-0.0425;was|-0.0366;the|-0.0336;associate|-0.0254;is|-0.0189;on|-0.0177;for|-0.0135;into|-0.0133;named|-0.0114;deliver|0.0110;Ryan|-0.0104;Mr.|0.0098;Pentagon|-0.0093;dean|-0.0080;the|-0.0070"
29ffd053-7684-469b-a600-97000579bd01,3,2,daroberta,0.008529382712126431,that|-0.0460;airplane|-0.0343;Sept.|-0.0251;crashed|0.0205;for|-0.0199;prestigious|0.0158;named|-0.0142;associate|-0.0112;on|-0.0098;was|-0.0091;an|-0.0090;to|-0.0077;deliver|-0.0039;the|0.0039;on|-0.0034;Mr.|-0.0030;is|-0.0029;into|0.0028;Ryan|-0.0027;dean|-0.0020
70c744ad-e950-445c-8a7a-0782b0a7d20b,2,9,biasdetector,0.036638338504417334,ruling.|-0.0881;Gay|-0.0762;groups|-0.0497;the|0.0281;rights|-0.0199;and|-0.0137;civil|-0.0090;praised|0.0085
70c744ad-e950-445c-8a7a-0782b0a7d20b,2,9,daroberta,0.02997411828255281,ruling.|-0.0722;groups|-0.0421;rights|-0.0325;Gay|0.0316;civil|-0.0215;the|0.0212;and|-0.0158;praised|-0.0029
38f7cbb7-5d6a-4c89-bcbd-8e164144172a,3,17,biasdetector,0.0352629320055712,"details,|-0.0796;approached|-0.0729;to|-0.0674;front|-0.0567;he|-0.0531;dangled|0.0466;provide|-0.0439;as|-0.0430;him.|-0.0396;and|-0.0379;in|-0.0276;But|-0.0230;him|0.0229;position|-0.0226;such|0.0207;was|-0.0161;refused|-0.0086;what|-0.0084;who|-0.0084;of|-0.0065"
38f7cbb7-5d6a-4c89-bcbd-8e164144172a,3,17,daroberta,0.0441710061316068,"details,|-0.1173;dangled|0.0992;he|0.0822;But|0.0799;refused|0.0731;who|-0.0543;front|-0.0438;what|-0.0412;such|-0.0377;as|-0.0358;approached|-0.0332;him|0.0323;in|-0.0278;and|-0.0229;him.|0.0225;to|-0.0224;provide|-0.0183;position|-0.0175;of|0.0169;was|-0.0054"
2ec04201-2016-4227-baf7-ba8289058203,1,7,biasdetector,0.051230741180029515,"dishonest|0.1345;spokeswoman|-0.1012;Smith,|-0.0954;campaign,|-0.0902;is|-0.0773;Medicare|-0.0666;said,““|-0.0643;Mitt’’|-0.0592;and|-0.0437;Lis|-0.0433;hypocritical.””|-0.0336;a|-0.0292;ad|0.0105;Obama|0.0103;the|0.0085;Romneys|0.0025;for|-0.0004"
2ec04201-2016-4227-baf7-ba8289058203,1,7,daroberta,0.034857103676425624,"hypocritical.””|0.1446;dishonest|0.0837;spokeswoman|-0.0720;campaign,|-0.0600;Smith,|-0.0543;a|-0.0275;Lis|-0.0252;ad|0.0244;Medicare|-0.0202;and|-0.0197;Obama|-0.0152;is|-0.0140;for|-0.0122;said,““|-0.0113;Romneys|0.0069;the|-0.0010;Mitt’’|0.0003"
f688c56d-7fae-42ef-b7f7-7db207b58d27,2,5,biasdetector,0.03436096634420677,"an|-0.0937;retiring,|-0.0827;said|-0.0798;interview|-0.0706;Wisconsin,|-0.0661;eviscerate|0.0604;president““””|-0.0468;obviouslycannot|0.0334;D.|-0.0305;that|-0.0304;in|-0.0304;Paul|-0.0282;the|-0.0250;order.|-0.0231;Ryan|-0.0221;is|-0.0211;executive|-0.0193;Speaker|-0.0141;House|-0.0140;by|0.0127"
f688c56d-7fae-42ef-b7f7-7db207b58d27,2,5,daroberta,0.009169508107394602,"interview|-0.0319;Wisconsin,|-0.0192;president““””|0.0173;said|-0.0161;in|-0.0158;retiring,|-0.0147;an|-0.0145;is|-0.0095;order.|-0.0089;the|0.0086;executive|-0.0085;House|-0.0081;birthright|-0.0066;who|-0.0060;eviscerate|0.0058;obviouslycannot|0.0058;D.|-0.0056;Speaker|-0.0039;citizenship|-0.0027;Paul|-0.0026"
84678e18-0b79-4570-9c9f-cb1cf88d968e,1,15,biasdetector,0.04271943827896999,"said|-0.1207;was""|-0.0794;he|-0.0646;lawyer,|-0.0594;'s|-0.0582;shocked|-0.0522;Coalition|-0.0447;Bopp,|-0.0407;James|-0.0331;appalled""|0.0290;that.|0.0280;and|-0.0111;Christian|-0.0108;the|-0.0056;by|-0.0034"
84678e18-0b79-4570-9c9f-cb1cf88d968e,1,15,daroberta,0.033544614196548035,"said|-0.0863;Bopp,|-0.0800;appalled""|0.0562;'s|-0.0481;lawyer,|-0.0397;shocked|0.0382;James|-0.0318;Coalition|-0.0291;Christian|0.0262;the|0.0233;was""|-0.0190;that.|-0.0142;and|-0.0061;he|-0.0036;by|0.0015"
c99adbdd-eaf3-4844-9548-2642e80de4e2,3,16,biasdetector,0.035704051554113485,voting.|-0.1048;delay|-0.0841;Friday|-0.0692;the|0.0546;pleaded|-0.0315;a|-0.0242;Republicans|-0.0194;Conservative|-0.0189;the|-0.0180;in|-0.0172;for|-0.0078;in|-0.0073;House|-0.0070
c99adbdd-eaf3-4844-9548-2642e80de4e2,3,16,daroberta,0.04614908224903047,a|-0.0935;Friday|-0.0829;Conservative|0.0735;House|-0.0666;in|-0.0547;the|0.0544;in|-0.0509;voting.|-0.0495;delay|-0.0241;Republicans|0.0224;the|0.0156;pleaded|0.0085;for|-0.0031
2b95d2cf-e979-4f9c-ae27-9a5370934f23,2,10,biasdetector,0.0346093553450407,"Ariz.,|-0.1045;Week,""|-0.0673;McCain,|-0.0622;Speaking|-0.0535;Sen.|-0.0459;were""|-0.0405;said|-0.0401;John|-0.0375;'s""|-0.0302;on|-0.0273;wildly|0.0263;ABC|-0.0218;'s|-0.0197;R|-0.0130;This|-0.0104;comments|-0.0089;inaccurate.""|0.0079;Steele|-0.0058"
2b95d2cf-e979-4f9c-ae27-9a5370934f23,2,10,daroberta,0.03276464327548941,"wildly|0.1468;inaccurate.""|0.1088;Ariz.,|-0.1085;'s|-0.0450;McCain,|-0.0298;Week,""|-0.0259;John|-0.0204;said|-0.0195;Sen.|-0.0180;Speaking|0.0114;comments|-0.0109;on|-0.0097;were""|-0.0082;Steele|-0.0075;R|-0.0065;'s""|-0.0057;ABC|-0.0036;This|-0.0035"
7f9c83f7-3efa-4c7a-adef-3ebdeda96042,3,1,biasdetector,0.018507121461599833,"said|-0.1504;S.|-0.0657;Council|-0.0612;Relations,|-0.0457;nomination|-0.0421;Foreign|-0.0399;aggressively|0.0346;U.|-0.0295;presidential|-0.0246;delivered|-0.0226;more|-0.0223;comments|-0.0223;In|-0.0164;be|-0.0164;would|-0.0135;GOP|-0.0132;senator|-0.0129;world|0.0120;itself|-0.0116;for|-0.0114"
7f9c83f7-3efa-4c7a-adef-3ebdeda96042,3,1,daroberta,0.01138862350212765,"nomination|-0.0376;said|-0.0319;S.|-0.0277;globe.|0.0267;aggressively|0.0231;across|0.0231;U.|-0.0198;Relations,|-0.0190;Council|-0.0173;In|-0.0156;the|0.0141;would|-0.0132;comments|-0.0129;GOP|-0.0125;Foreign|-0.0125;senator|-0.0121;budget|0.0118;and|0.0106;the|0.0102;on|-0.0091"
8dc7ccfe-5cf0-482f-9101-a7c69881da4d,1,18,biasdetector,0.02675195883672971,"East.””|-0.0875;Massachusetts|-0.0872;2003|-0.0730;Romney,|-0.0698;state,|-0.0478;in|-0.0448;Mr.|-0.0356;marriage|-0.0317;courts|-0.0308;When|0.0253;same|0.0221;governor,|-0.0201;the|0.0185;then|-0.0107;the|-0.0106;state|-0.0105;legalized|0.0104;become““|0.0098;had|-0.0090;Francisco|-0.0090"
8dc7ccfe-5cf0-482f-9101-a7c69881da4d,1,18,daroberta,0.01676675602397114,"2003|-0.0684;Massachusetts|-0.0533;become““|0.0464;state,|-0.0249;the|0.0247;When|0.0190;complained|0.0178;sex|-0.0177;East.””|0.0161;in|-0.0145;marriage|-0.0142;that|0.0139;Romney,|-0.0134;in|-0.0132;had|0.0109;legalized|0.0092;courts|0.0091;same|0.0088;the|0.0071;state|0.0071"
65cb14cb-2d27-41e5-a2be-6fd6314f4363,1,0,biasdetector,0.022256350779649412,"theology,””|-0.1413;clarify|-0.0851;saying|-0.0748;he|-0.0582;Sunday|-0.0461;phony|0.0451;to|-0.0441;Rick|0.0433;comment|-0.0202;on|-0.0193;the|0.0191;Santorum|-0.0156;was|-0.0155;referring|-0.0155;his|-0.0151;not|-0.0146;to|-0.0146;that|0.0141;his|-0.0128;mans|-0.0117"
65cb14cb-2d27-41e5-a2be-6fd6314f4363,1,0,daroberta,0.00781566076270728,"phony|0.0685;a““|0.0571;Rick|-0.0154;theology,””|0.0153;tried|0.0129;to|0.0092;of’’|0.0089;saying|-0.0084;mans|0.0080;Sunday|-0.0067;clarify|-0.0059;the|0.0057;that|-0.0053;he|-0.0052;Updated:|0.0050;presidents|-0.0049;relationship|0.0042;to|0.0042;was|-0.0041;referring|-0.0041"
c9e4d35f-aeae-462b-a8bf-e08d09a93b6e,3,1,biasdetector,0.03148381986762113,"inaccurate.|0.1282;its““””|-0.0919;spokesman|-0.0883;Carr,|-0.0624;a|-0.0548;counsel,|-0.0494;BuzzFeed|-0.0492;the““|0.0475;office|-0.0433;office,|-0.0428;descriptionof|-0.0392;was|-0.0338;obtained,|-0.0335;documents|-0.0301;character””|-0.0240;that|-0.0224;to’’|-0.0219;Peter|-0.0184;Muellers|-0.0168;told|-0.0156"
c9e4d35f-aeae-462b-a8bf-e08d09a93b6e,3,1,daroberta,0.015028304920037773,"counsel,|-0.0802;inaccurate.|0.0537;Carr,|-0.0373;a|-0.0348;spokesman|-0.0306;descriptionof|-0.0278;the““|0.0248;statements|0.0212;was|-0.0198;character””|0.0193;BuzzFeed|0.0186;office,|-0.0146;that|0.0095;Peter|-0.0088;office|-0.0077;the|-0.0062;for|-0.0060;as|0.0058;special|-0.0057;told|0.0052"
68748e7f-cf6e-4ac7-8504-454c0876880d,2,11,biasdetector,0.02914545545451078,"Tuesday.|-0.1882;Hutchisons|-0.0905;study,|-0.0562;Technically,|0.0558;Pierre|-0.0527;association,|-0.0454;Mr.|-0.0371;the|-0.0325;La|-0.0291;force|-0.0286;of|-0.0221;is|-0.0217;for|-0.0179;task|-0.0178;independent|-0.0169;Mr.’’|0.0129;the|-0.0111;rifle|-0.0111;not|-0.0099;and|0.0072"
68748e7f-cf6e-4ac7-8504-454c0876880d,2,11,daroberta,0.010218527061471716,"Technically,|0.0367;Tuesday.|-0.0262;Hutchisons|-0.0192;Mr.|-0.0170;independent|-0.0155;Pierre|-0.0138;study,|-0.0134;association,|-0.0132;is|-0.0131;force|-0.0117;present|-0.0104;and|0.0086;for|-0.0082;the|-0.0082;on|-0.0081;task|-0.0080;Mr.’’|-0.0073;La|-0.0065;was|-0.0060;not|-0.0046"
1bb79cc1-5d69-4136-a23d-6dbd300cbf25,1,12,biasdetector,0.031954367927656595,"release|-0.0833;account|-0.0783;mails,|-0.0781;airbrushed|0.0773;welcomed|-0.0634;campaign.|-0.0543;Republicans|-0.0513;its|-0.0500;confirmed|-0.0477;saying|-0.0452;they|-0.0272;that|-0.0221;attack|-0.0197;had|-0.0191;the|0.0167;administration|0.0156;the|-0.0155;during|-0.0128;of|0.0046;an|-0.0045"
1bb79cc1-5d69-4136-a23d-6dbd300cbf25,1,12,daroberta,0.01726035037326316,airbrushed|0.0677;saying|-0.0584;its|-0.0489;account|-0.0337;release|-0.0239;administration|0.0227;attack|0.0215;had|0.0210;the|-0.0193;they|0.0170;e|-0.0162;the|0.0150;confirmed|0.0105;that|0.0089;campaign.|-0.0082;Republicans|0.0073;welcomed|0.0064;of|0.0044;during|-0.0038;an|0.0036
c99adbdd-eaf3-4844-9548-2642e80de4e2,1,23,biasdetector,0.036393786039358625,"year.|-0.1560;has|-0.1081;criticizing|0.0774;Ohio,|-0.0703;vote|-0.0672;immigration|0.0658;shy|0.0645;should|0.0611;saying|-0.0605;Labrador|-0.0525;on|-0.0481;step|-0.0366;he|-0.0330;not|-0.0302;a|-0.0286;allows|-0.0203;Speaker|-0.0185;if|-0.0174;that|0.0147;House|-0.0135"
c99adbdd-eaf3-4844-9548-2642e80de4e2,1,23,daroberta,0.013216402786266469,"Ohio,|-0.0687;criticizing|0.0514;shy|0.0382;Labrador|0.0315;not|-0.0204;that|0.0191;saying|0.0186;has|-0.0183;about|-0.0155;step|-0.0138;on|-0.0128;he|-0.0126;vote|-0.0119;Speaker|-0.0081;Boehner|-0.0075;House|-0.0068;John|-0.0064;year.|-0.0062;down|-0.0050;bill|-0.0037"
11c9f251-35c8-4452-b052-df9be61464c6,1,10,biasdetector,0.03158680536753742,"Facebook|-0.1374;agree.””|-0.1171;And|0.1037;post:““|-0.0945;view,|-0.0551;concluded|-0.0544;Please|-0.0300;share|-0.0289;Cheney|-0.0274;if|-0.0271;to|-0.0239;her|-0.0219;attention|0.0214;Mary|-0.0185;she|-0.0173;emphasize|-0.0168;you|-0.0144;her|-0.0142;and|-0.0138;drawing|0.0108"
11c9f251-35c8-4452-b052-df9be61464c6,1,10,daroberta,0.008727438018999013,"And|0.0425;post:““|-0.0240;emphasize|-0.0200;shying|0.0200;Facebook|-0.0164;agree.””|-0.0138;drawing|-0.0123;was|0.0111;share|-0.0098;if|-0.0091;Please|-0.0076;view,|0.0073;she|0.0071;to|0.0068;you|-0.0065;concluded|-0.0059;Cheney|-0.0050;Mary|-0.0043;her|0.0027;attention|-0.0026"
6b541575-99b1-40d2-8730-9bb868ee38ed,1,11,biasdetector,0.027831918730866163,"excuse,""|-0.1267;incident|-0.1052;""I|-0.0682;day.""|-0.0566;he|-0.0554;added,|-0.0351;long|-0.0242;'ve|-0.0235;occurred|-0.0231;the|-0.0222;a""|-0.0208;but|-0.0196;'s|-0.0185;before|-0.0180;spat|0.0140;pushed|0.0137;after|-0.0133;at,|0.0104;threatened|-0.0078;no|0.0069"
6b541575-99b1-40d2-8730-9bb868ee38ed,1,11,daroberta,0.022674161449074748,"added,|-0.1219;""I|-0.0457;day.""|0.0418;a""|0.0340;threatened|0.0295;that|0.0287;excuse,""|-0.0286;saying|-0.0233;but|-0.0231;spat|0.0210;he|-0.0204;been|0.0203;and|0.0195;pushed|0.0179;at,|0.0160;no|0.0151;before|-0.0124;long|0.0122;occurred|-0.0107;'ve|0.0091"
005a2961-0c2e-4575-8eec-770ba52a08e0,1,5,biasdetector,0.020133779907490625,"born|-0.0527;had““|-0.0503;to|-0.0458;the““””|-0.0440;real””|-0.0439;issue.|-0.0319;Hawaii|-0.0303;this|0.0296;Thursday|-0.0291;Todayshow,|-0.0288;shown|-0.0255;interview|-0.0254;that|-0.0253;Vieira|-0.0248;an|-0.0242;told|-0.0232;Mr.|-0.0211;Obama|0.0182;Trump|-0.0179;has|-0.0179"
005a2961-0c2e-4575-8eec-770ba52a08e0,1,5,daroberta,0.005276889293637904,Thursday|-0.0197;Mr.|-0.0148;interview|-0.0146;Mr.|0.0127;an|-0.0126;shown|-0.0116;the““””|-0.0100;to|-0.0098;Hawaii|-0.0088;whether|-0.0070;and|0.0067;In|-0.0067;issue.|-0.0065;born|-0.0048;in|-0.0048;investigators|0.0045;to|0.0045;had““|-0.0042;on|-0.0040;Obama|-0.0039
aab91277-8d56-4844-a581-45630f873f49,1,12,biasdetector,0.04524404141120612,"he|-0.1896;politically|0.1675;charges.|-0.1339;courthouse,|-0.0753;Stone|-0.0679;outside|-0.0526;ward,|-0.0490;After|-0.0324;called|-0.0321;beat|-0.0176;vowed|-0.0164;Mr.|-0.0132;appearance|-0.0131;to|-0.0124;motivated|-0.0104;what|0.0087;theatrical|0.0061;in|0.0042;the|-0.0026;a|-0.0001"
aab91277-8d56-4844-a581-45630f873f49,1,12,daroberta,0.0382533156623443,"politically|0.1312;he|-0.1040;to|-0.0791;vowed|0.0533;Stone|-0.0501;charges.|0.0485;motivated|0.0459;ward,|-0.0419;theatrical|0.0372;courthouse,|-0.0365;beat|-0.0343;outside|-0.0242;Mr.|0.0206;called|0.0135;in|-0.0104;what|-0.0104;a|-0.0071;After|-0.0068;appearance|-0.0054;the|-0.0046"
65cb14cb-2d27-41e5-a2be-6fd6314f4363,2,12,biasdetector,0.04013057023985312,"destructive,""|-0.1800;wrong.|0.1375;reelection|-0.0776;secretary|-0.0656;working|-0.0640;'s|-0.0516;Gibbs,|-0.0482;'s|-0.0457;'s|-0.0443;Robert|-0.0440;said|-0.0403;'s|-0.0379;Obama|0.0332;now|-0.0245;It|-0.0156;who|0.0120;on|0.0115;is|-0.0087;former|-0.0067;effort.|-0.0066"
65cb14cb-2d27-41e5-a2be-6fd6314f4363,2,12,daroberta,0.02094182944468533,"wrong.|0.1415;Gibbs,|-0.0588;reelection|-0.0423;Robert|-0.0366;destructive,""|-0.0309;'s|-0.0308;said|-0.0248;now|-0.0197;'s|-0.0154;It|0.0150;'s|-0.0150;secretary|-0.0144;It|0.0107;working|-0.0095;former|-0.0074;effort.|0.0054;'s|-0.0049;press|0.0048;who|-0.0037;on|-0.0031"
22b6e900-4826-4b09-a9f8-5d7afe46e78b,3,0,biasdetector,0.01848781558331636,"mocking|0.1350;fire|0.1063;video|-0.0741;Tuesday|-0.0574;Iowa,|-0.0378;surfaced|-0.0333;Iowa|-0.0329;a|-0.0317;industry.|-0.0261;Braley|0.0256;him|-0.0232;under|-0.0230;Braleys|-0.0228;after|0.0213;campaign|-0.0155;a““|0.0147;state|-0.0126;known|-0.0126;in|0.0108;Democratic|-0.0106"
22b6e900-4826-4b09-a9f8-5d7afe46e78b,3,0,daroberta,0.009306854549859064,"mocking|0.1226;Sen.|0.0325;video|-0.0307;fire|0.0278;a““|0.0246;Tuesday|-0.0215;Grassley,|-0.0150;Braley|-0.0131;surfaced|0.0130;Iowa,|-0.0130;Iowa|0.0102;as|0.0082;Bruce|-0.0080;Braleys|-0.0076;campaign|-0.0070;Chuck|-0.0070;law””|0.0069;R|-0.0060;under|-0.0051;the|0.0049"
ed8c136f-8d44-4c83-ad05-0dcfc3a0c54a,3,0,biasdetector,0.012842631988476,"Wednesday,|-0.0633;FERGUSON,|-0.0480;Mo.|-0.0411;St.|-0.0355;Jr.|-0.0353;arrived|-0.0233;Holder|-0.0219;said|-0.0211;they|-0.0211;Ferguson|-0.0196;after|-0.0196;H.|-0.0191;unrest.|-0.0184;in|-0.0164;Louis|-0.0118;Attorney|-0.0110;General|-0.0110;Eric|-0.0110;on|-0.0103;were|-0.0100"
ed8c136f-8d44-4c83-ad05-0dcfc3a0c54a,3,0,daroberta,0.0036805288638064185,"Wednesday,|-0.0155;FERGUSON,|-0.0113;officials|-0.0111;Louis|-0.0104;and|-0.0096;H.|-0.0088;unrest.|0.0080;12|-0.0069;days|-0.0069;on|-0.0069;enforcement|-0.0066;Jr.|-0.0061;said|-0.0060;they|-0.0060;Ferguson|-0.0056;after|-0.0056;meeting|-0.0034;with|-0.0034;community|-0.0032;leaders|-0.0032"
4f473faf-f928-4cfd-8bed-00578be9db9a,3,1,biasdetector,0.022185093472168474,"““I|-0.1332;everyone,""|-0.0966;statement.|-0.0795;a|-0.0528;Indianas|-0.0480;said|-0.0352;disturbing,|0.0314;find’’|-0.0283;embracing|-0.0233;civil|-0.0215;in|-0.0166;Inslee|-0.0119;more|-0.0082;in|-0.0076;particularly|-0.0074;at|-0.0074;new|-0.0072;law|-0.0070;and|-0.0065;rights|-0.0052"
4f473faf-f928-4cfd-8bed-00578be9db9a,3,1,daroberta,0.009598227152711754,"disturbing,|0.0519;everyone,""|-0.0292;statement.|-0.0260;find’’|0.0248;said|-0.0232;in|-0.0232;Inslee|-0.0226;a|-0.0184;states|-0.0125;more|-0.0113;law|-0.0104;new|0.0078;Indianas|0.0044;““I|0.0037;when|0.0036;more|0.0036;and|0.0032;particularly|-0.0016;and|-0.0010;at|-0.0009"
a4f1d515-d7d9-4319-b2e0-4d56e9d45554,1,0,biasdetector,0.01440663865543212,"Saturday|-0.1103;data,|-0.0691;WASHINGTON|-0.0595;data,|-0.0527;2009.|-0.0394;briefed|-0.0328;Obama|-0.0285;telephone|-0.0266;13|-0.0248;simply|0.0247;an““|0.0218;computer””|-0.0197;new|-0.0176;since|-0.0162;the|-0.0128;programs|-0.0128;evidence|-0.0126;tried|0.0122;on|-0.0119;collection|-0.0117"
a4f1d515-d7d9-4319-b2e0-4d56e9d45554,1,0,daroberta,0.00792909935345157,"data,|-0.0644;an““|0.0437;2009.|-0.0305;13|-0.0297;simply|0.0243;briefed|-0.0180;Saturday|-0.0174;arguing|0.0166;computer””|0.0160;Obama|-0.0147;secret|0.0130;telephone|-0.0112;to|-0.0111;a|0.0111;WASHINGTON|-0.0108;data,|-0.0102;that|0.0101;The|-0.0088;program|-0.0073;new|-0.0060"
ed8c136f-8d44-4c83-ad05-0dcfc3a0c54a,1,4,biasdetector,0.013418875543856255,"age.””|-0.0620;Wednesday,|-0.0490;St.|-0.0420;an““|-0.0299;Community|-0.0256;described|-0.0233;meeting|-0.0231;attorney|-0.0224;Florissant|-0.0220;as|-0.0219;Louis|-0.0217;students|-0.0192;met|-0.0185;what|-0.0182;he|-0.0182;the|-0.0180;Valley|-0.0177;general|-0.0176;at|-0.0164;school|-0.0143"
ed8c136f-8d44-4c83-ad05-0dcfc3a0c54a,1,4,daroberta,0.005269479700178943,an““|-0.0391;age.””|0.0142;wonderful|0.0120;some|0.0110;general|-0.0101;students|-0.0097;at|-0.0097;opportunity|-0.0087;described|-0.0085;as|-0.0078;St.|-0.0075;young|0.0075;people|0.0075;school|-0.0074;the|-0.0074;attorney|-0.0074;in|-0.0073;met|-0.0073;with|-0.0071;several|-0.0071
08bb9bee-c167-4c17-9c6d-4a1259231eb7,2,11,biasdetector,0.06224207225536434,place.|-0.1625;Monday|-0.1435;to|-0.1284;another|0.1130;calls|-0.1122;step|0.0773;candidate|-0.0767;let|0.0564;But|-0.0532;rebuffed|-0.0311;Republican|0.0304;Akin|-0.0286;late|0.0200;and|-0.0146;his|-0.0040;aside|0.0037;take|-0.0025
08bb9bee-c167-4c17-9c6d-4a1259231eb7,2,11,daroberta,0.03636712809298735,Monday|-0.1013;place.|-0.0825;another|0.0613;to|-0.0593;calls|-0.0552;his|0.0506;Republican|0.0489;late|-0.0419;rebuffed|-0.0349;step|-0.0216;and|-0.0179;candidate|-0.0166;But|0.0152;Akin|-0.0065;aside|0.0034;let|-0.0007;take|-0.0004
8abec8d9-50a2-480e-969a-157f94954f4d,3,1,biasdetector,0.02394219001205627,"said|-0.1163;Wednesday|-0.1098;Fox,’’|-0.0740;Vicente|-0.0696;demonized|0.0613;that|-0.0427;Mexicos|-0.0422;that|-0.0390;on|-0.0367;people.|0.0356;2006,|-0.0320;Trump|0.0264;should|0.0264;he|0.0234;has|0.0234;president|-0.0219;from|-0.0211;its|0.0178;never|0.0155;be|0.0155"
8abec8d9-50a2-480e-969a-157f94954f4d,3,1,daroberta,0.020307364002190333,"demonized|0.1104;people.|0.0604;2006,|-0.0576;Wednesday|-0.0517;Vicente|-0.0512;that|-0.0385;Fox,’’|-0.0330;said|-0.0323;its|0.0288;he|0.0274;has|0.0274;the|-0.0254;Mexicos|-0.0221;way|0.0200;the|0.0199;Mr.|-0.0196;on|-0.0195;and|0.0167;the|0.0131;country|0.0131"
0d10341a-9dba-4374-a524-814c300d1611,3,0,biasdetector,0.04142755317385308,Wednesday|-0.1932;WASHINGTON―|-0.1309;Donald’’|0.0887;with|-0.0875;mark|-0.0863;week|-0.0833;shutdown|-0.0748;no|0.0678;end|0.0542;government|-0.0527;President|-0.0454;his|0.0451;wall|0.0311;over|0.0284;and|0.0269;Congress|-0.0232;partial|0.0214;on|-0.0213;sight.|0.0202;two|-0.0160
0d10341a-9dba-4374-a524-814c300d1611,3,0,daroberta,0.01361975649171748,Wednesday|-0.0562;mark|-0.0429;week|-0.0340;with|-0.0282;brand|0.0249;two|-0.0227;shutdown|-0.0199;President|-0.0193;WASHINGTON―|-0.0186;sight.|0.0154;Congress|-0.0129;a|0.0128;government|-0.0111;no|0.0101;end|0.0101;partial|0.0096;closed|-0.0086;on|-0.0081;in|0.0079;new|0.0078
2ec04201-2016-4227-baf7-ba8289058203,1,16,biasdetector,0.039973571506076645,Republicans|-0.1247;health|-0.1023;had|-0.0871;won|-0.0779;Obamas|0.0666;law.|-0.0655;arguing|0.0589;2010|-0.0535;House|-0.0507;care|-0.0386;in|-0.0372;by|-0.0310;raided|0.0301;Medicare|-0.0296;control|0.0236;Democrats|0.0224;partly|-0.0187;Mr.’’|-0.0095;for|-0.0088;the|-0.0082
2ec04201-2016-4227-baf7-ba8289058203,1,16,daroberta,0.02141568525047559,raided|0.1388;2010|-0.0724;by|-0.0424;House|-0.0397;won|-0.0319;Democrats|0.0294;control|-0.0279;in|-0.0247;Republicans|-0.0218;Mr.’’|0.0128;law.|0.0112;arguing|0.0112;health|-0.0108;the|0.0093;care|-0.0071;Medicare|-0.0066;that|0.0066;partly|0.0026;of|-0.0022;pay|-0.0013
af4a3f41-eeb5-49fa-a276-e97c230b25f0,1,10,biasdetector,0.02134338193735877,"Texas),|-0.1058;joins|-0.0602;field,|-0.0542;right|0.0467;far|0.0384;'s|-0.0371;faces|-0.0327;2016|-0.0318;competition|-0.0290;He|-0.0283;he|-0.0283;Sen.|-0.0273;where|-0.0269;will|-0.0247;R|-0.0239;wing,|0.0223;party|-0.0222;Republican|-0.0200;and|0.0192;favorite.|-0.0184"
af4a3f41-eeb5-49fa-a276-e97c230b25f0,1,10,daroberta,0.007617319321898495,"an|-0.0185;wing,|0.0179;Cruz(|-0.0177;field,|-0.0175;he|-0.0169;Ted|-0.0157;far|0.0139;right|0.0139;favorite.|0.0136;Sen.|-0.0114;joins|-0.0110;2016|-0.0104;Republican|-0.0101;crowded|0.0087;where|-0.0076;himself|0.0068;likely|-0.0066;Texas),|-0.0065;He|-0.0065;will|-0.0057"
87609973-bd58-42a5-96e2-ee5aa47433f5,1,5,biasdetector,0.06379964351654052,tweeted|-0.1114;Tuesday.|-0.0893;early|-0.0600;Trump|0.0490;Jail!””|-0.0094
87609973-bd58-42a5-96e2-ee5aa47433f5,1,5,daroberta,0.1677851404529065,tweeted|-0.2481;Trump|0.2378;Tuesday.|-0.1587;Jail!””|0.1489;early|-0.0454
86e6e27d-1440-4879-8b13-0dd2d89f7281,1,13,biasdetector,0.0281864147122137,"said,|-0.2088;indeed|0.0720;reassurances.|-0.0719;had|-0.0702;invoked|0.0699;Ms.|-0.0573;meeting|-0.0561;Tlaib|-0.0487;Pelosi|0.0393;they|-0.0372;him,|-0.0306;the|-0.0289;president|-0.0270;but|-0.0256;impeach|0.0229;want|0.0227;and|-0.0201;did|-0.0196;tried|0.0191;House|-0.0156"
86e6e27d-1440-4879-8b13-0dd2d89f7281,1,13,daroberta,0.005079298094031693,"Ms.|-0.0368;had|0.0146;Tlaib|-0.0135;Ms.|-0.0128;reassurances.|0.0113;The|0.0085;him,|0.0071;but|-0.0070;indeed|0.0066;Pelosi|0.0065;and|-0.0064;topic|-0.0055;said,|0.0048;its|-0.0046;intended|-0.0046;House|-0.0044;president|-0.0039;president|-0.0039;they|-0.0033;other|-0.0029"
11c9f251-35c8-4452-b052-df9be61464c6,2,9,biasdetector,0.018076037894245615,"““It’’s|-0.1256;agree.””|-0.0953;hands,””|-0.0761;Facebook|-0.0445;page,|-0.0326;on|-0.0221;her|-0.0184;wrote|-0.0172;decided|-0.0167;saying,““|-0.0163;Please|-0.0159;reportedly|0.0150;like|-0.0143;Mary|-0.0137;to|-0.0118;share|-0.0116;if|-0.0114;personal|-0.0091;something|-0.0068;and|-0.0061"
11c9f251-35c8-4452-b052-df9be61464c6,2,9,daroberta,0.0035111199470930824,"page,|-0.0253;reportedly|0.0136;““It’’s|-0.0083;agree.””|0.0082;Mary|-0.0063;something|0.0055;her|0.0054;on|-0.0051;concluding|0.0043;share|-0.0034;if|-0.0034;Facebook|0.0030;personal|0.0027;necine|0.0026;wrote|-0.0025;you|-0.0023;not|-0.0022;her|-0.0021;hands,””|0.0019;Cheney|0.0018"
1bb79cc1-5d69-4136-a23d-6dbd300cbf25,1,19,biasdetector,0.0193726216499247,release|-0.0966;happened.|-0.0638;days|-0.0584;after|-0.0452;mails|-0.0408;five|-0.0402;public|-0.0307;inside|-0.0300;the|-0.0279;account|-0.0227;White|-0.0212;what|-0.0183;glimpse|0.0183;of|-0.0183;House|-0.0172;a|-0.0154;of|-0.0129;rare|0.0105;together|-0.0097;piece|0.0064
1bb79cc1-5d69-4136-a23d-6dbd300cbf25,1,19,daroberta,0.011069231368738282,after|-0.0585;five|-0.0549;days|-0.0370;attack|0.0330;public|-0.0128;happened.|-0.0118;struggled|0.0117;it|0.0113;glimpse|0.0101;the|-0.0097;rare|0.0097;mails|-0.0084;a|0.0082;a|-0.0077;release|-0.0074;inside|0.0072;account|-0.0070;e|-0.0068;to|-0.0067;as|0.0064
b7021938-ff8d-42ea-adec-5704c0b65237,1,12,biasdetector,0.03823467892842988,"Schiff,|-0.2449;findings.|-0.1268;critic|0.0927;a|-0.0736;has|-0.0382;and|-0.0364;on|-0.0332;Muellers|-0.0327;of|0.0326;down|0.0321;vocal|-0.0269;his|0.0233;claim|0.0233;president,|-0.0191;Trump|0.0173;despite’’|-0.0158;his|0.0158;with|-0.0156;doubled|-0.0156;foreign|-0.0151"
b7021938-ff8d-42ea-adec-5704c0b65237,1,12,daroberta,0.020064262596269446,"claim|0.0913;Schiff,|-0.0792;his|0.0491;findings.|-0.0484;critic|0.0369;that|0.0318;Trump|0.0255;colluded|0.0201;powers|0.0184;of|0.0182;president,|0.0164;the|0.0121;despite’’|0.0112;doubled|-0.0080;has|-0.0073;foreign|-0.0043;on|-0.0042;a|0.0041;vocal|0.0041;down|-0.0027"
f688c56d-7fae-42ef-b7f7-7db207b58d27,2,6,biasdetector,0.047819335503403886,"““You|-0.1982;Ky.|-0.0711;obviously|0.0601;told|-0.0531;Lexington,|-0.0452;WVLK,|-0.0450;that,””|-0.0447;Ryan|-0.0432;cannot|-0.0417;station|-0.0236;radio|-0.0157;do|-0.0137;in|-0.0101;a|-0.0041"
f688c56d-7fae-42ef-b7f7-7db207b58d27,2,6,daroberta,0.032590278936550025,"““You|-0.0939;obviously|0.0641;that,””|0.0433;station|-0.0397;WVLK,|-0.0394;Lexington,|-0.0339;Ryan|-0.0314;in|-0.0298;radio|-0.0186;told|-0.0170;Ky.|-0.0168;do|0.0141;a|-0.0084;cannot|-0.0058"
22b6e900-4826-4b09-a9f8-5d7afe46e78b,3,2,biasdetector,0.09265978319259979,said|-0.2522;he““””|-0.1750;proclaimed|0.1678;He|-0.1099;Iowas|-0.0863;respectsGrassley|0.0862;his|-0.0623;support|-0.0346;for’’|0.0207;and|-0.0150;farmers.|-0.0093
22b6e900-4826-4b09-a9f8-5d7afe46e78b,3,2,daroberta,0.07461510301906277,proclaimed|0.2993;said|-0.1492;support|-0.0722;He|-0.0581;respectsGrassley|0.0579;his|-0.0558;Iowas|-0.0437;and|-0.0379;farmers.|0.0277;for’’|-0.0109;he““””|-0.0080
df5fe55a-dfcb-4817-8631-830f47c21a72,1,12,biasdetector,0.018023196688027463,"Democratic|-0.0735;forecasters,|-0.0663;Congress,|-0.0590;Michigan.|-0.0515;Democrats|-0.0344;officeholders,|-0.0338;in|-0.0248;counter|-0.0232;from|-0.0226;House|-0.0190;circulated|-0.0190;Gary|-0.0184;condemnations|0.0182;private|-0.0170;obscure|0.0167;endorsements|-0.0166;and|0.0153;mails|-0.0146;the|-0.0143;White|-0.0143"
df5fe55a-dfcb-4817-8631-830f47c21a72,1,12,daroberta,0.008395344880608323,"obscure|0.0624;Congress,|-0.0339;To|0.0229;freshman|0.0226;Democrats|-0.0223;forecasters,|-0.0167;in|-0.0138;officeholders,|-0.0122;mails|0.0119;the|0.0098;White|0.0098;conservative|-0.0093;Democratic|-0.0074;a|0.0071;series|0.0071;House|0.0065;circulated|0.0065;as|-0.0063;counter|-0.0063;and|0.0061"
